query_id,openalex_search,total_hits,retrieved,run_date
sol_co2,"(""carbon dioxide"" OR CO2) AND (solubility OR ""phase equilibria"" OR ""phase equilibrium"" OR ""vapor-liquid"" OR ""vapour-liquid"") AND (water OR brine OR aqueous OR NaCl OR seawater OR ""salt solution"") AND (measurement OR measured OR experimental OR ""experimental data"" OR determination)",5828,100,2026-10-01
wc_co2,"(""carbon dioxide"" OR CO2) AND (""water content"" OR ""mutual solubility"" OR ""mutual solubilities"" OR ""water vapor content"" OR ""water vapour content"" OR ""dew point"" OR ""water in the gas phase"" OR ""gas-phase composition"") AND (measurement OR measured OR experimental OR ""experimental data"" OR determination)",3228,100,2026-10-01
sol_ch4,"(methane OR CH4) AND (solubility OR ""phase equilibria"" OR ""phase equilibrium"" OR ""vapor-liquid"" OR ""vapour-liquid"") AND (water OR brine OR aqueous OR NaCl OR seawater OR ""salt solution"") AND (measurement OR measured OR experimental OR ""experimental data"" OR determination)",1812,100,2026-10-01
wc_ch4,"(methane OR CH4) AND (""water content"" OR ""mutual solubility"" OR ""mutual solubilities"" OR ""water vapor content"" OR ""water vapour content"" OR ""dew point"" OR ""water in the gas phase"" OR ""gas-phase composition"") AND (measurement OR measured OR experimental OR ""experimental data"" OR determination)",1038,100,2026-10-01
sol_h2,"(hydrogen OR H2) AND (solubility OR ""phase equilibria"" OR ""phase equilibrium"" OR ""vapor-liquid"" OR ""vapour-liquid"") AND (water OR brine OR aqueous OR NaCl OR seawater OR ""salt solution"") AND (measurement OR measured OR experimental OR ""experimental data"" OR determination)",6348,100,2026-10-01
wc_h2,"(hydrogen OR H2) AND (""water content"" OR ""mutual solubility"" OR ""mutual solubilities"" OR ""water vapor content"" OR ""water vapour content"" OR ""dew point"" OR ""water in the gas phase"" OR ""gas-phase composition"") AND (measurement OR measured OR experimental OR ""experimental data"" OR determination)",2586,100,2026-10-01
sol_n2,"(nitrogen OR N2) AND (solubility OR ""phase equilibria"" OR ""phase equilibrium"" OR ""vapor-liquid"" OR ""vapour-liquid"") AND (water OR brine OR aqueous OR NaCl OR seawater OR ""salt solution"") AND (measurement OR measured OR experimental OR ""experimental data"" OR determination)",5771,100,2026-10-01
wc_n2,"(nitrogen OR N2) AND (""water content"" OR ""mutual solubility"" OR ""mutual solubilities"" OR ""water vapor content"" OR ""water vapour content"" OR ""dew point"" OR ""water in the gas phase"" OR ""gas-phase composition"") AND (measurement OR measured OR experimental OR ""experimental data"" OR determination)",3925,100,2026-10-01
sol_o2,"(oxygen OR O2) AND (solubility OR ""phase equilibria"" OR ""phase equilibrium"" OR ""vapor-liquid"" OR ""vapour-liquid"") AND (water OR brine OR aqueous OR NaCl OR seawater OR ""salt solution"") AND (measurement OR measured OR experimental OR ""experimental data"" OR determination)",6054,100,2026-10-01
wc_o2,"(oxygen OR O2) AND (""water content"" OR ""mutual solubility"" OR ""mutual solubilities"" OR ""water vapor content"" OR ""water vapour content"" OR ""dew point"" OR ""water in the gas phase"" OR ""gas-phase composition"") AND (measurement OR measured OR experimental OR ""experimental data"" OR determination)",3023,100,2026-10-01
sol_c2h6,"(ethane OR C2H6) AND (solubility OR ""phase equilibria"" OR ""phase equilibrium"" OR ""vapor-liquid"" OR ""vapour-liquid"") AND (water OR brine OR aqueous OR NaCl OR seawater OR ""salt solution"") AND (measurement OR measured OR experimental OR ""experimental data"" OR determination)",408,100,2026-10-01
wc_c2h6,"(ethane OR C2H6) AND (""water content"" OR ""mutual solubility"" OR ""mutual solubilities"" OR ""water vapor content"" OR ""water vapour content"" OR ""dew point"" OR ""water in the gas phase"" OR ""gas-phase composition"") AND (measurement OR measured OR experimental OR ""experimental data"" OR determination)",137,100,2026-10-01
sol_c3h8,"(propane OR C3H8) AND (solubility OR ""phase equilibria"" OR ""phase equilibrium"" OR ""vapor-liquid"" OR ""vapour-liquid"") AND (water OR brine OR aqueous OR NaCl OR seawater OR ""salt solution"") AND (measurement OR measured OR experimental OR ""experimental data"" OR determination)",483,100,2026-10-01
wc_c3h8,"(propane OR C3H8) AND (""water content"" OR ""mutual solubility"" OR ""mutual solubilities"" OR ""water vapor content"" OR ""water vapour content"" OR ""dew point"" OR ""water in the gas phase"" OR ""gas-phase composition"") AND (measurement OR measured OR experimental OR ""experimental data"" OR determination)",182,100,2026-10-01
sol_mix,"(""natural gas"" OR ""gas mixture"" OR ""acid gas"" OR ""flue gas"") AND (solubility OR ""phase equilibria"" OR ""phase equilibrium"" OR ""vapor-liquid"" OR ""vapour-liquid"") AND (water OR brine OR aqueous OR NaCl OR seawater OR ""salt solution"") AND (measurement OR measured OR experimental OR ""experimental data"" OR determination)",1290,100,2026-10-01
wc_mix,"(""natural gas"" OR ""gas mixture"" OR ""acid gas"" OR ""flue gas"") AND (""water content"" OR ""mutual solubility"" OR ""mutual solubilities"" OR ""water vapor content"" OR ""water vapour content"" OR ""dew point"" OR ""water in the gas phase"" OR ""gas-phase composition"") AND (measurement OR measured OR experimental OR ""experimental data"" OR determination)",958,100,2026-10-01
salts_co2,"(""carbon dioxide"" OR CO2) AND solubility AND (CaCl2 OR MgCl2 OR KCl OR Na2SO4 OR ""calcium chloride"" OR ""magnesium chloride"" OR ""potassium chloride"" OR ""sodium sulfate"" OR ""mixed brine"" OR ""formation water"")",554,100,2026-10-01
salts_ch4,"(methane OR CH4) AND solubility AND (CaCl2 OR MgCl2 OR KCl OR Na2SO4 OR ""calcium chloride"" OR ""magnesium chloride"" OR ""potassium chloride"" OR ""sodium sulfate"" OR ""mixed brine"" OR ""formation water"")",93,93,2026-10-01
salts_h2,"(hydrogen OR H2) AND solubility AND (CaCl2 OR MgCl2 OR KCl OR Na2SO4 OR ""mixed brine"" OR ""formation water"" OR NaCl)",1158,100,2026-10-01
ternary,"(""carbon dioxide"" OR CO2) AND (methane OR CH4) AND (water OR brine) AND (solubility OR ""phase equilibria"" OR ""phase equilibrium"") AND (measurement OR measured OR experimental OR ""experimental data"" OR determination)",604,100,2026-10-01
rho,"(density OR ""volumetric properties"") AND (aqueous OR brine) AND (NaCl OR CaCl2 OR MgCl2 OR KCl OR Na2SO4 OR ""sodium chloride"") AND (""high pressure"" OR ""high temperature"" OR ""elevated pressure"") AND (measurement OR measured OR experimental OR ""experimental data"" OR determination)",169,100,2026-10-01
rho_gas,"(density OR ""partial molar volume"") AND (""carbon dioxide"" OR methane OR hydrogen OR nitrogen) AND (brine OR ""aqueous solution"" OR ""saline"") AND (measurement OR measured OR experimental OR ""experimental data"" OR determination)",3098,100,2026-10-01
phi_osm,"(""osmotic coefficient"" OR ""activity coefficient"" OR ""water activity"") AND (NaCl OR CaCl2 OR MgCl2 OR KCl OR Na2SO4 OR ""aqueous electrolyte"") AND (""high temperature"" OR ""elevated temperature"") AND (measurement OR measured OR experimental)",116,100,2026-10-01
psat,"(""vapor pressure"" OR ""vapour pressure"" OR ""boiling point elevation"") AND (NaCl OR CaCl2 OR MgCl2 OR KCl OR brine OR ""aqueous electrolyte"") AND (measurement OR measured OR experimental)",631,100,2026-10-01
dhsol,"(""enthalpy of solution"" OR ""heat of solution"" OR ""enthalpy of dissolution"" OR calorimetry OR calorimetric) AND (gas OR ""carbon dioxide"" OR methane OR hydrogen) AND (water OR brine)",4784,100,2026-10-01
eps,"(""static permittivity"" OR ""dielectric constant"" OR ""relative permittivity"") AND (aqueous OR brine OR electrolyte) AND (NaCl OR salt) AND (measurement OR measured OR experimental)",498,100,2026-10-01
hydrate_free,"(""Henry constant"" OR ""Setschenow"" OR ""salting-out"") AND (gas OR ""carbon dioxide"" OR methane OR hydrogen OR nitrogen OR ethane OR propane) AND (water OR brine OR aqueous OR NaCl OR seawater OR ""salt solution"") AND (measurement OR measured OR experimental OR ""experimental data"" OR determination)",554,100,2026-10-01
cp_brine,"(""apparent molar heat capacity"" OR ""apparent molar enthalpy"" OR ""enthalpy of dilution"" OR ""heat capacity of aqueous"") AND (NaCl OR KCl OR CaCl2 OR MgCl2 OR Na2SO4 OR brine OR ""aqueous electrolyte"") AND (measurement OR measured OR experimental)",109,100,2026-10-01
pmv_gas,"(""partial molar volume"" OR ""partial molar heat capacity"" OR ""infinite dilution"") AND (aqueous OR water) AND (""carbon dioxide"" OR methane OR hydrogen OR nitrogen OR ethane OR propane) AND (measurement OR measured OR experimental)",402,100,2026-10-01
sound,"(""speed of sound"" OR ""sound velocity"" OR compressibility) AND (brine OR ""aqueous NaCl"" OR ""aqueous electrolyte"" OR ""saline water"") AND (""high pressure"" OR ""high temperature"") AND (measurement OR measured OR experimental)",30,30,2026-10-01
