dataset_id,source,gas,property,T_K,P_bar,m_Na,m_Cl,m_K,m_Ca,m_Mg,m_SO4,value,uncertainty,quality,tag,flags,data_origin
call2000_10.1006_jcht.2000.0697_t4,CALL(2000),,Cp_app,278.15,3.5,0.0,0.01674,0.0,0.0,0.00837,0.0,-319.5,12.4,T,test-only,,table
call2000_10.1006_jcht.2000.0697_t4,CALL(2000),,Cp_app,283.15,3.5,0.0,0.01674,0.0,0.0,0.00837,0.0,-291.2,10.8,T,test-only,,table
call2000_10.1006_jcht.2000.0697_t4,CALL(2000),,Cp_app,288.15,3.5,0.0,0.01674,0.0,0.0,0.00837,0.0,-269.3,11.9,T,test-only,,table
call2000_10.1006_jcht.2000.0697_t4,CALL(2000),,Cp_app,293.15,3.5,0.0,0.01674,0.0,0.0,0.00837,0.0,-251.5,10.3,T,test-only,,table
call2000_10.1006_jcht.2000.0697_t4,CALL(2000),,Cp_app,298.15,3.5,0.0,0.01674,0.0,0.0,0.00837,0.0,-238.0,11.1,T,test-only,,table
call2000_10.1006_jcht.2000.0697_t4,CALL(2000),,Cp_app,303.15,3.5,0.0,0.01674,0.0,0.0,0.00837,0.0,-229.2,11.2,T,test-only,,table
call2000_10.1006_jcht.2000.0697_t4,CALL(2000),,Cp_app,278.15,3.5,0.0,0.03292,0.0,0.0,0.01646,0.0,-335.1,6.1,T,test-only,,table
call2000_10.1006_jcht.2000.0697_t4,CALL(2000),,Cp_app,283.15,3.5,0.0,0.03292,0.0,0.0,0.01646,0.0,-306.1,7.1,T,test-only,,table
call2000_10.1006_jcht.2000.0697_t4,CALL(2000),,Cp_app,288.15,3.5,0.0,0.03292,0.0,0.0,0.01646,0.0,-282.6,7.0,T,test-only,,table
call2000_10.1006_jcht.2000.0697_t4,CALL(2000),,Cp_app,293.15,3.5,0.0,0.03292,0.0,0.0,0.01646,0.0,-264.6,6.8,T,test-only,,table
call2000_10.1006_jcht.2000.0697_t4,CALL(2000),,Cp_app,298.15,3.5,0.0,0.03292,0.0,0.0,0.01646,0.0,-251.0,6.8,T,test-only,,table
call2000_10.1006_jcht.2000.0697_t4,CALL(2000),,Cp_app,303.15,3.5,0.0,0.03292,0.0,0.0,0.01646,0.0,-240.5,6.3,T,test-only,,table
call2000_10.1006_jcht.2000.0697_t4,CALL(2000),,Cp_app,278.15,3.5,0.0,0.06556,0.0,0.0,0.03278,0.0,-329.0,3.3,T,test-only,,table
call2000_10.1006_jcht.2000.0697_t4,CALL(2000),,Cp_app,283.15,3.5,0.0,0.06556,0.0,0.0,0.03278,0.0,-300.8,5.9,T,test-only,,table
call2000_10.1006_jcht.2000.0697_t4,CALL(2000),,Cp_app,288.15,3.5,0.0,0.06556,0.0,0.0,0.03278,0.0,-277.9,5.1,T,test-only,,table
call2000_10.1006_jcht.2000.0697_t4,CALL(2000),,Cp_app,293.15,3.5,0.0,0.06556,0.0,0.0,0.03278,0.0,-260.0,4.5,T,test-only,,table
call2000_10.1006_jcht.2000.0697_t4,CALL(2000),,Cp_app,298.15,3.5,0.0,0.06556,0.0,0.0,0.03278,0.0,-246.6,4.1,T,test-only,,table
call2000_10.1006_jcht.2000.0697_t4,CALL(2000),,Cp_app,303.15,3.5,0.0,0.06556,0.0,0.0,0.03278,0.0,-236.0,3.9,T,test-only,,table
call2000_10.1006_jcht.2000.0697_t4,CALL(2000),,Cp_app,278.15,3.5,0.0,0.13124,0.0,0.0,0.06562,0.0,-322.7,2.2,T,test-only,,table
call2000_10.1006_jcht.2000.0697_t4,CALL(2000),,Cp_app,283.15,3.5,0.0,0.13124,0.0,0.0,0.06562,0.0,-294.3,4.3,T,test-only,,table
call2000_10.1006_jcht.2000.0697_t4,CALL(2000),,Cp_app,288.15,3.5,0.0,0.13124,0.0,0.0,0.06562,0.0,-271.5,4.2,T,test-only,,table
call2000_10.1006_jcht.2000.0697_t4,CALL(2000),,Cp_app,293.15,3.5,0.0,0.13124,0.0,0.0,0.06562,0.0,-253.7,3.8,T,test-only,,table
call2000_10.1006_jcht.2000.0697_t4,CALL(2000),,Cp_app,298.15,3.5,0.0,0.13124,0.0,0.0,0.06562,0.0,-240.2,3.5,T,test-only,,table
call2000_10.1006_jcht.2000.0697_t4,CALL(2000),,Cp_app,303.15,3.5,0.0,0.13124,0.0,0.0,0.06562,0.0,-229.6,3.4,T,test-only,,table
call2000_10.1006_jcht.2000.0697_t4,CALL(2000),,Cp_app,278.15,3.5,0.0,0.26128,0.0,0.0,0.13064,0.0,-309.3,1.4,T,test-only,,table
call2000_10.1006_jcht.2000.0697_t4,CALL(2000),,Cp_app,283.15,3.5,0.0,0.26128,0.0,0.0,0.13064,0.0,-281.3,3.0,T,test-only,,table
call2000_10.1006_jcht.2000.0697_t4,CALL(2000),,Cp_app,288.15,3.5,0.0,0.26128,0.0,0.0,0.13064,0.0,-259.1,3.0,T,test-only,,table
call2000_10.1006_jcht.2000.0697_t4,CALL(2000),,Cp_app,293.15,3.5,0.0,0.26128,0.0,0.0,0.13064,0.0,-241.7,2.9,T,test-only,,table
call2000_10.1006_jcht.2000.0697_t4,CALL(2000),,Cp_app,298.15,3.5,0.0,0.26128,0.0,0.0,0.13064,0.0,-228.5,2.8,T,test-only,,table
call2000_10.1006_jcht.2000.0697_t4,CALL(2000),,Cp_app,303.15,3.5,0.0,0.26128,0.0,0.0,0.13064,0.0,-217.9,2.8,T,test-only,,table
call2000_10.1006_jcht.2000.0697_t4,CALL(2000),,Cp_app,278.15,3.5,0.0,0.53534,0.0,0.0,0.26767,0.0,-285.6,0.5,T,test-only,,table
call2000_10.1006_jcht.2000.0697_t4,CALL(2000),,Cp_app,283.15,3.5,0.0,0.53534,0.0,0.0,0.26767,0.0,-259.4,1.5,T,test-only,,table
call2000_10.1006_jcht.2000.0697_t4,CALL(2000),,Cp_app,288.15,3.5,0.0,0.53534,0.0,0.0,0.26767,0.0,-238.8,1.7,T,test-only,,table
call2000_10.1006_jcht.2000.0697_t4,CALL(2000),,Cp_app,293.15,3.5,0.0,0.53534,0.0,0.0,0.26767,0.0,-222.5,1.7,T,test-only,,table
call2000_10.1006_jcht.2000.0697_t4,CALL(2000),,Cp_app,298.15,3.5,0.0,0.53534,0.0,0.0,0.26767,0.0,-210.0,1.7,T,test-only,,table
call2000_10.1006_jcht.2000.0697_t4,CALL(2000),,Cp_app,303.15,3.5,0.0,0.53534,0.0,0.0,0.26767,0.0,-199.9,1.8,T,test-only,,table
call2000_10.1006_jcht.2000.0697_t4,CALL(2000),,Cp_app,278.15,3.5,0.0,1.04952,0.0,0.0,0.52476,0.0,-266.7,0.5,T,test-only,,table
call2000_10.1006_jcht.2000.0697_t4,CALL(2000),,Cp_app,283.15,3.5,0.0,1.04952,0.0,0.0,0.52476,0.0,-242.8,0.9,T,test-only,,table
call2000_10.1006_jcht.2000.0697_t4,CALL(2000),,Cp_app,288.15,3.5,0.0,1.04952,0.0,0.0,0.52476,0.0,-224.1,1.1,T,test-only,,table
call2000_10.1006_jcht.2000.0697_t4,CALL(2000),,Cp_app,293.15,3.5,0.0,1.04952,0.0,0.0,0.52476,0.0,-209.2,1.3,T,test-only,,table
call2000_10.1006_jcht.2000.0697_t4,CALL(2000),,Cp_app,298.15,3.5,0.0,1.04952,0.0,0.0,0.52476,0.0,-197.6,1.4,T,test-only,,table
call2000_10.1006_jcht.2000.0697_t4,CALL(2000),,Cp_app,303.15,3.5,0.0,1.04952,0.0,0.0,0.52476,0.0,-188.1,1.5,T,test-only,,table
call2000_10.1006_jcht.2000.0697_t4,CALL(2000),,Cp_app,278.15,3.5,0.0,1.5307,0.0,0.0,0.76535,0.0,-241.5,0.4,T,test-only,,table
call2000_10.1006_jcht.2000.0697_t4,CALL(2000),,Cp_app,283.15,3.5,0.0,1.5307,0.0,0.0,0.76535,0.0,-220.5,0.6,T,test-only,,table
call2000_10.1006_jcht.2000.0697_t4,CALL(2000),,Cp_app,288.15,3.5,0.0,1.5307,0.0,0.0,0.76535,0.0,-203.8,0.9,T,test-only,,table
call2000_10.1006_jcht.2000.0697_t4,CALL(2000),,Cp_app,293.15,3.5,0.0,1.5307,0.0,0.0,0.76535,0.0,-190.4,1.1,T,test-only,,table
call2000_10.1006_jcht.2000.0697_t4,CALL(2000),,Cp_app,298.15,3.5,0.0,1.5307,0.0,0.0,0.76535,0.0,-180.1,1.2,T,test-only,,table
call2000_10.1006_jcht.2000.0697_t4,CALL(2000),,Cp_app,303.15,3.5,0.0,1.5307,0.0,0.0,0.76535,0.0,-171.4,1.4,T,test-only,,table
call2000_10.1006_jcht.2000.0697_t4,CALL(2000),,Cp_app,278.15,3.5,0.0,1.99702,0.0,0.0,0.99851,0.0,-226.8,0.3,T,test-only,,table
call2000_10.1006_jcht.2000.0697_t4,CALL(2000),,Cp_app,283.15,3.5,0.0,1.99702,0.0,0.0,0.99851,0.0,-207.6,0.2,T,test-only,,table
call2000_10.1006_jcht.2000.0697_t4,CALL(2000),,Cp_app,288.15,3.5,0.0,1.99702,0.0,0.0,0.99851,0.0,-192.5,0.5,T,test-only,,table
call2000_10.1006_jcht.2000.0697_t4,CALL(2000),,Cp_app,293.15,3.5,0.0,1.99702,0.0,0.0,0.99851,0.0,-180.4,0.7,T,test-only,,table
call2000_10.1006_jcht.2000.0697_t4,CALL(2000),,Cp_app,298.15,3.5,0.0,1.99702,0.0,0.0,0.99851,0.0,-170.9,0.9,T,test-only,,table
call2000_10.1006_jcht.2000.0697_t4,CALL(2000),,Cp_app,303.15,3.5,0.0,1.99702,0.0,0.0,0.99851,0.0,-163.0,1.1,T,test-only,,table
call2000_10.1006_jcht.2000.0697_t4,CALL(2000),,Cp_app,308.15,3.5,0.0,0.01674,0.0,0.0,0.00837,0.0,-222.2,12.6,T,test-only,,table
call2000_10.1006_jcht.2000.0697_t4,CALL(2000),,Cp_app,313.15,3.5,0.0,0.01674,0.0,0.0,0.00837,0.0,-218.0,13.1,T,test-only,,table
call2000_10.1006_jcht.2000.0697_t4,CALL(2000),,Cp_app,318.15,3.5,0.0,0.01674,0.0,0.0,0.00837,0.0,-214.5,13.4,T,test-only,,table
call2000_10.1006_jcht.2000.0697_t4,CALL(2000),,Cp_app,323.15,3.5,0.0,0.01674,0.0,0.0,0.00837,0.0,-212.2,14.8,T,test-only,,table
call2000_10.1006_jcht.2000.0697_t4,CALL(2000),,Cp_app,328.15,3.5,0.0,0.01674,0.0,0.0,0.00837,0.0,-212.9,16.2,T,test-only,,table
call2000_10.1006_jcht.2000.0697_t4,CALL(2000),,Cp_app,333.15,3.5,0.0,0.01674,0.0,0.0,0.00837,0.0,-213.5,16.6,T,test-only,,table
call2000_10.1006_jcht.2000.0697_t4,CALL(2000),,Cp_app,308.15,3.5,0.0,0.03292,0.0,0.0,0.01646,0.0,-233.3,6.4,T,test-only,,table
call2000_10.1006_jcht.2000.0697_t4,CALL(2000),,Cp_app,313.15,3.5,0.0,0.03292,0.0,0.0,0.01646,0.0,-227.4,6.0,T,test-only,,table
call2000_10.1006_jcht.2000.0697_t4,CALL(2000),,Cp_app,318.15,3.5,0.0,0.03292,0.0,0.0,0.01646,0.0,-224.2,6.0,T,test-only,,table
call2000_10.1006_jcht.2000.0697_t4,CALL(2000),,Cp_app,323.15,3.5,0.0,0.03292,0.0,0.0,0.01646,0.0,-222.6,5.8,T,test-only,,table
call2000_10.1006_jcht.2000.0697_t4,CALL(2000),,Cp_app,328.15,3.5,0.0,0.03292,0.0,0.0,0.01646,0.0,-221.8,5.8,T,test-only,,table
call2000_10.1006_jcht.2000.0697_t4,CALL(2000),,Cp_app,333.15,3.5,0.0,0.03292,0.0,0.0,0.01646,0.0,-222.5,6.1,T,test-only,,table
call2000_10.1006_jcht.2000.0697_t4,CALL(2000),,Cp_app,308.15,3.5,0.0,0.06556,0.0,0.0,0.03278,0.0,-228.2,3.6,T,test-only,,table
call2000_10.1006_jcht.2000.0697_t4,CALL(2000),,Cp_app,313.15,3.5,0.0,0.06556,0.0,0.0,0.03278,0.0,-222.5,3.5,T,test-only,,table
call2000_10.1006_jcht.2000.0697_t4,CALL(2000),,Cp_app,318.15,3.5,0.0,0.06556,0.0,0.0,0.03278,0.0,-218.9,3.4,T,test-only,,table
call2000_10.1006_jcht.2000.0697_t4,CALL(2000),,Cp_app,323.15,3.5,0.0,0.06556,0.0,0.0,0.03278,0.0,-216.8,3.4,T,test-only,,table
call2000_10.1006_jcht.2000.0697_t4,CALL(2000),,Cp_app,328.15,3.5,0.0,0.06556,0.0,0.0,0.03278,0.0,-215.8,3.2,T,test-only,,table
call2000_10.1006_jcht.2000.0697_t4,CALL(2000),,Cp_app,333.15,3.5,0.0,0.06556,0.0,0.0,0.03278,0.0,-215.9,3.4,T,test-only,,table
call2000_10.1006_jcht.2000.0697_t4,CALL(2000),,Cp_app,308.15,3.5,0.0,0.13124,0.0,0.0,0.06562,0.0,-221.6,3.2,T,test-only,,table
call2000_10.1006_jcht.2000.0697_t4,CALL(2000),,Cp_app,313.15,3.5,0.0,0.13124,0.0,0.0,0.06562,0.0,-215.5,3.3,T,test-only,,table
call2000_10.1006_jcht.2000.0697_t4,CALL(2000),,Cp_app,318.15,3.5,0.0,0.13124,0.0,0.0,0.06562,0.0,-211.7,3.1,T,test-only,,table
call2000_10.1006_jcht.2000.0697_t4,CALL(2000),,Cp_app,323.15,3.5,0.0,0.13124,0.0,0.0,0.06562,0.0,-209.3,3.0,T,test-only,,table
call2000_10.1006_jcht.2000.0697_t4,CALL(2000),,Cp_app,328.15,3.5,0.0,0.13124,0.0,0.0,0.06562,0.0,-207.9,2.8,T,test-only,,table
call2000_10.1006_jcht.2000.0697_t4,CALL(2000),,Cp_app,333.15,3.5,0.0,0.13124,0.0,0.0,0.06562,0.0,-207.6,3.0,T,test-only,,table
call2000_10.1006_jcht.2000.0697_t4,CALL(2000),,Cp_app,308.15,3.5,0.0,0.26128,0.0,0.0,0.13064,0.0,-209.9,2.7,T,test-only,,table
call2000_10.1006_jcht.2000.0697_t4,CALL(2000),,Cp_app,313.15,3.5,0.0,0.26128,0.0,0.0,0.13064,0.0,-203.7,2.7,T,test-only,,table
call2000_10.1006_jcht.2000.0697_t4,CALL(2000),,Cp_app,318.15,3.5,0.0,0.26128,0.0,0.0,0.13064,0.0,-199.5,2.6,T,test-only,,table
call2000_10.1006_jcht.2000.0697_t4,CALL(2000),,Cp_app,323.15,3.5,0.0,0.26128,0.0,0.0,0.13064,0.0,-196.7,2.5,T,test-only,,table
call2000_10.1006_jcht.2000.0697_t4,CALL(2000),,Cp_app,328.15,3.5,0.0,0.26128,0.0,0.0,0.13064,0.0,-195.0,2.4,T,test-only,,table
call2000_10.1006_jcht.2000.0697_t4,CALL(2000),,Cp_app,333.15,3.5,0.0,0.26128,0.0,0.0,0.13064,0.0,-194.2,2.5,T,test-only,,table
call2000_10.1006_jcht.2000.0697_t4,CALL(2000),,Cp_app,308.15,3.5,0.0,0.53534,0.0,0.0,0.26767,0.0,-192.3,1.7,T,test-only,,table
call2000_10.1006_jcht.2000.0697_t4,CALL(2000),,Cp_app,313.15,3.5,0.0,0.53534,0.0,0.0,0.26767,0.0,-186.0,1.9,T,test-only,,table
call2000_10.1006_jcht.2000.0697_t4,CALL(2000),,Cp_app,318.15,3.5,0.0,0.53534,0.0,0.0,0.26767,0.0,-181.9,1.8,T,test-only,,table
call2000_10.1006_jcht.2000.0697_t4,CALL(2000),,Cp_app,323.15,3.5,0.0,0.53534,0.0,0.0,0.26767,0.0,-178.9,1.8,T,test-only,,table
call2000_10.1006_jcht.2000.0697_t4,CALL(2000),,Cp_app,328.15,3.5,0.0,0.53534,0.0,0.0,0.26767,0.0,-176.9,1.8,T,test-only,,table
call2000_10.1006_jcht.2000.0697_t4,CALL(2000),,Cp_app,333.15,3.5,0.0,0.53534,0.0,0.0,0.26767,0.0,-175.7,1.8,T,test-only,,table
call2000_10.1006_jcht.2000.0697_t4,CALL(2000),,Cp_app,308.15,3.5,0.0,1.04952,0.0,0.0,0.52476,0.0,-180.8,1.5,T,test-only,,table
call2000_10.1006_jcht.2000.0697_t4,CALL(2000),,Cp_app,313.15,3.5,0.0,1.04952,0.0,0.0,0.52476,0.0,-174.8,1.6,T,test-only,,table
call2000_10.1006_jcht.2000.0697_t4,CALL(2000),,Cp_app,318.15,3.5,0.0,1.04952,0.0,0.0,0.52476,0.0,-170.7,1.6,T,test-only,,table
call2000_10.1006_jcht.2000.0697_t4,CALL(2000),,Cp_app,323.15,3.5,0.0,1.04952,0.0,0.0,0.52476,0.0,-167.6,1.6,T,test-only,,table
call2000_10.1006_jcht.2000.0697_t4,CALL(2000),,Cp_app,328.15,3.5,0.0,1.04952,0.0,0.0,0.52476,0.0,-165.3,1.6,T,test-only,,table
call2000_10.1006_jcht.2000.0697_t4,CALL(2000),,Cp_app,333.15,3.5,0.0,1.04952,0.0,0.0,0.52476,0.0,-163.8,1.6,T,test-only,,table
call2000_10.1006_jcht.2000.0697_t4,CALL(2000),,Cp_app,308.15,3.5,0.0,1.5307,0.0,0.0,0.76535,0.0,-164.7,1.5,T,test-only,,table
call2000_10.1006_jcht.2000.0697_t4,CALL(2000),,Cp_app,313.15,3.5,0.0,1.5307,0.0,0.0,0.76535,0.0,-159.3,1.5,T,test-only,,table
call2000_10.1006_jcht.2000.0697_t4,CALL(2000),,Cp_app,318.15,3.5,0.0,1.5307,0.0,0.0,0.76535,0.0,-155.4,1.6,T,test-only,,table
call2000_10.1006_jcht.2000.0697_t4,CALL(2000),,Cp_app,323.15,3.5,0.0,1.5307,0.0,0.0,0.76535,0.0,-152.5,1.6,T,test-only,,table
call2000_10.1006_jcht.2000.0697_t4,CALL(2000),,Cp_app,328.15,3.5,0.0,1.5307,0.0,0.0,0.76535,0.0,-150.3,1.5,T,test-only,,table
call2000_10.1006_jcht.2000.0697_t4,CALL(2000),,Cp_app,333.15,3.5,0.0,1.5307,0.0,0.0,0.76535,0.0,-148.9,1.6,T,test-only,,table
call2000_10.1006_jcht.2000.0697_t4,CALL(2000),,Cp_app,308.15,3.5,0.0,1.99702,0.0,0.0,0.99851,0.0,-156.8,1.2,T,test-only,,table
call2000_10.1006_jcht.2000.0697_t4,CALL(2000),,Cp_app,313.15,3.5,0.0,1.99702,0.0,0.0,0.99851,0.0,-151.7,1.3,T,test-only,,table
call2000_10.1006_jcht.2000.0697_t4,CALL(2000),,Cp_app,318.15,3.5,0.0,1.99702,0.0,0.0,0.99851,0.0,-148.2,1.3,T,test-only,,table
call2000_10.1006_jcht.2000.0697_t4,CALL(2000),,Cp_app,323.15,3.5,0.0,1.99702,0.0,0.0,0.99851,0.0,-145.4,1.3,T,test-only,,table
call2000_10.1006_jcht.2000.0697_t4,CALL(2000),,Cp_app,328.15,3.5,0.0,1.99702,0.0,0.0,0.99851,0.0,-143.4,1.3,T,test-only,,table
call2000_10.1006_jcht.2000.0697_t4,CALL(2000),,Cp_app,333.15,3.5,0.0,1.99702,0.0,0.0,0.99851,0.0,-141.9,1.4,T,test-only,,table
call2000_10.1006_jcht.2000.0697_t4,CALL(2000),,Cp_app,338.15,3.5,0.0,0.01674,0.0,0.0,0.00837,0.0,-215.7,17.6,T,test-only,,table
call2000_10.1006_jcht.2000.0697_t4,CALL(2000),,Cp_app,343.15,3.5,0.0,0.01674,0.0,0.0,0.00837,0.0,-217.8,17.7,T,test-only,,table
call2000_10.1006_jcht.2000.0697_t4,CALL(2000),,Cp_app,348.15,3.5,0.0,0.01674,0.0,0.0,0.00837,0.0,-221.2,18.6,T,test-only,,table
call2000_10.1006_jcht.2000.0697_t4,CALL(2000),,Cp_app,353.15,3.5,0.0,0.01674,0.0,0.0,0.00837,0.0,-226.0,20.1,T,test-only,,table
call2000_10.1006_jcht.2000.0697_t4,CALL(2000),,Cp_app,358.15,3.5,0.0,0.01674,0.0,0.0,0.00837,0.0,-231.9,20.3,T,test-only,,table
call2000_10.1006_jcht.2000.0697_t4,CALL(2000),,Cp_app,363.15,3.5,0.0,0.01674,0.0,0.0,0.00837,0.0,-239.4,20.9,T,test-only,,table
call2000_10.1006_jcht.2000.0697_t4,CALL(2000),,Cp_app,338.15,3.5,0.0,0.03292,0.0,0.0,0.01646,0.0,-223.7,6.2,T,test-only,,table
call2000_10.1006_jcht.2000.0697_t4,CALL(2000),,Cp_app,343.15,3.5,0.0,0.03292,0.0,0.0,0.01646,0.0,-226.1,6.5,T,test-only,,table
call2000_10.1006_jcht.2000.0697_t4,CALL(2000),,Cp_app,348.15,3.5,0.0,0.03292,0.0,0.0,0.01646,0.0,-229.7,6.7,T,test-only,,table
call2000_10.1006_jcht.2000.0697_t4,CALL(2000),,Cp_app,353.15,3.5,0.0,0.03292,0.0,0.0,0.01646,0.0,-234.0,6.8,T,test-only,,table
call2000_10.1006_jcht.2000.0697_t4,CALL(2000),,Cp_app,358.15,3.5,0.0,0.03292,0.0,0.0,0.01646,0.0,-239.2,6.8,T,test-only,,table
call2000_10.1006_jcht.2000.0697_t4,CALL(2000),,Cp_app,363.15,3.5,0.0,0.03292,0.0,0.0,0.01646,0.0,-244.6,6.9,T,test-only,,table
call2000_10.1006_jcht.2000.0697_t4,CALL(2000),,Cp_app,338.15,3.5,0.0,0.06556,0.0,0.0,0.03278,0.0,-216.9,2.8,T,test-only,,table
call2000_10.1006_jcht.2000.0697_t4,CALL(2000),,Cp_app,343.15,3.5,0.0,0.06556,0.0,0.0,0.03278,0.0,-219.3,2.8,T,test-only,,table
call2000_10.1006_jcht.2000.0697_t4,CALL(2000),,Cp_app,348.15,3.5,0.0,0.06556,0.0,0.0,0.03278,0.0,-222.4,2.9,T,test-only,,table
call2000_10.1006_jcht.2000.0697_t4,CALL(2000),,Cp_app,353.15,3.5,0.0,0.06556,0.0,0.0,0.03278,0.0,-225.9,3.1,T,test-only,,table
call2000_10.1006_jcht.2000.0697_t4,CALL(2000),,Cp_app,358.15,3.5,0.0,0.06556,0.0,0.0,0.03278,0.0,-230.3,3.3,T,test-only,,table
call2000_10.1006_jcht.2000.0697_t4,CALL(2000),,Cp_app,363.15,3.5,0.0,0.06556,0.0,0.0,0.03278,0.0,-235.6,3.3,T,test-only,,table
call2000_10.1006_jcht.2000.0697_t4,CALL(2000),,Cp_app,338.15,3.5,0.0,0.13124,0.0,0.0,0.06562,0.0,-208.0,2.8,T,test-only,,table
call2000_10.1006_jcht.2000.0697_t4,CALL(2000),,Cp_app,343.15,3.5,0.0,0.13124,0.0,0.0,0.06562,0.0,-209.9,3.0,T,test-only,,table
call2000_10.1006_jcht.2000.0697_t4,CALL(2000),,Cp_app,348.15,3.5,0.0,0.13124,0.0,0.0,0.06562,0.0,-212.4,3.0,T,test-only,,table
call2000_10.1006_jcht.2000.0697_t4,CALL(2000),,Cp_app,353.15,3.5,0.0,0.13124,0.0,0.0,0.06562,0.0,-215.4,2.9,T,test-only,,table
call2000_10.1006_jcht.2000.0697_t4,CALL(2000),,Cp_app,358.15,3.5,0.0,0.13124,0.0,0.0,0.06562,0.0,-219.1,3.0,T,test-only,,table
call2000_10.1006_jcht.2000.0697_t4,CALL(2000),,Cp_app,363.15,3.5,0.0,0.13124,0.0,0.0,0.06562,0.0,-223.7,3.0,T,test-only,,table
call2000_10.1006_jcht.2000.0697_t4,CALL(2000),,Cp_app,338.15,3.5,0.0,0.26128,0.0,0.0,0.13064,0.0,-194.2,2.5,T,test-only,,table
call2000_10.1006_jcht.2000.0697_t4,CALL(2000),,Cp_app,343.15,3.5,0.0,0.26128,0.0,0.0,0.13064,0.0,-195.5,2.5,T,test-only,,table
call2000_10.1006_jcht.2000.0697_t4,CALL(2000),,Cp_app,348.15,3.5,0.0,0.26128,0.0,0.0,0.13064,0.0,-197.3,2.5,T,test-only,,table
call2000_10.1006_jcht.2000.0697_t4,CALL(2000),,Cp_app,353.15,3.5,0.0,0.26128,0.0,0.0,0.13064,0.0,-199.7,2.4,T,test-only,,table
call2000_10.1006_jcht.2000.0697_t4,CALL(2000),,Cp_app,358.15,3.5,0.0,0.26128,0.0,0.0,0.13064,0.0,-202.7,2.4,T,test-only,,table
call2000_10.1006_jcht.2000.0697_t4,CALL(2000),,Cp_app,363.15,3.5,0.0,0.26128,0.0,0.0,0.13064,0.0,-206.5,2.4,T,test-only,,table
call2000_10.1006_jcht.2000.0697_t4,CALL(2000),,Cp_app,338.15,3.5,0.0,0.53534,0.0,0.0,0.26767,0.0,-175.2,1.9,T,test-only,,table
call2000_10.1006_jcht.2000.0697_t4,CALL(2000),,Cp_app,343.15,3.5,0.0,0.53534,0.0,0.0,0.26767,0.0,-175.9,1.9,T,test-only,,table
call2000_10.1006_jcht.2000.0697_t4,CALL(2000),,Cp_app,348.15,3.5,0.0,0.53534,0.0,0.0,0.26767,0.0,-177.1,1.9,T,test-only,,table
call2000_10.1006_jcht.2000.0697_t4,CALL(2000),,Cp_app,353.15,3.5,0.0,0.53534,0.0,0.0,0.26767,0.0,-178.7,1.9,T,test-only,,table
call2000_10.1006_jcht.2000.0697_t4,CALL(2000),,Cp_app,358.15,3.5,0.0,0.53534,0.0,0.0,0.26767,0.0,-181.0,1.9,T,test-only,,table
call2000_10.1006_jcht.2000.0697_t4,CALL(2000),,Cp_app,363.15,3.5,0.0,0.53534,0.0,0.0,0.26767,0.0,-183.8,1.9,T,test-only,,table
call2000_10.1006_jcht.2000.0697_t4,CALL(2000),,Cp_app,338.15,3.5,0.0,1.04952,0.0,0.0,0.52476,0.0,-162.8,1.6,T,test-only,,table
call2000_10.1006_jcht.2000.0697_t4,CALL(2000),,Cp_app,343.15,3.5,0.0,1.04952,0.0,0.0,0.52476,0.0,-162.9,1.7,T,test-only,,table
call2000_10.1006_jcht.2000.0697_t4,CALL(2000),,Cp_app,348.15,3.5,0.0,1.04952,0.0,0.0,0.52476,0.0,-163.5,1.7,T,test-only,,table
call2000_10.1006_jcht.2000.0697_t4,CALL(2000),,Cp_app,353.15,3.5,0.0,1.04952,0.0,0.0,0.52476,0.0,-164.4,1.7,T,test-only,,table
call2000_10.1006_jcht.2000.0697_t4,CALL(2000),,Cp_app,358.15,3.5,0.0,1.04952,0.0,0.0,0.52476,0.0,-165.8,1.8,T,test-only,,table
call2000_10.1006_jcht.2000.0697_t4,CALL(2000),,Cp_app,363.15,3.5,0.0,1.04952,0.0,0.0,0.52476,0.0,-167.8,1.8,T,test-only,,table
call2000_10.1006_jcht.2000.0697_t4,CALL(2000),,Cp_app,338.15,3.5,0.0,1.5307,0.0,0.0,0.76535,0.0,-147.9,1.6,T,test-only,,table
call2000_10.1006_jcht.2000.0697_t4,CALL(2000),,Cp_app,343.15,3.5,0.0,1.5307,0.0,0.0,0.76535,0.0,-147.8,1.7,T,test-only,,table
call2000_10.1006_jcht.2000.0697_t4,CALL(2000),,Cp_app,348.15,3.5,0.0,1.5307,0.0,0.0,0.76535,0.0,-148.1,1.8,T,test-only,,table
call2000_10.1006_jcht.2000.0697_t4,CALL(2000),,Cp_app,353.15,3.5,0.0,1.5307,0.0,0.0,0.76535,0.0,-148.6,1.7,T,test-only,,table
call2000_10.1006_jcht.2000.0697_t4,CALL(2000),,Cp_app,358.15,3.5,0.0,1.5307,0.0,0.0,0.76535,0.0,-149.7,1.7,T,test-only,,table
call2000_10.1006_jcht.2000.0697_t4,CALL(2000),,Cp_app,363.15,3.5,0.0,1.5307,0.0,0.0,0.76535,0.0,-151.2,1.8,T,test-only,,table
call2000_10.1006_jcht.2000.0697_t4,CALL(2000),,Cp_app,338.15,3.5,0.0,1.99702,0.0,0.0,0.99851,0.0,-140.9,1.4,T,test-only,,table
call2000_10.1006_jcht.2000.0697_t4,CALL(2000),,Cp_app,343.15,3.5,0.0,1.99702,0.0,0.0,0.99851,0.0,-140.7,1.4,T,test-only,,table
call2000_10.1006_jcht.2000.0697_t4,CALL(2000),,Cp_app,348.15,3.5,0.0,1.99702,0.0,0.0,0.99851,0.0,-140.9,1.5,T,test-only,,table
call2000_10.1006_jcht.2000.0697_t4,CALL(2000),,Cp_app,353.15,3.5,0.0,1.99702,0.0,0.0,0.99851,0.0,-141.2,1.5,T,test-only,,table
call2000_10.1006_jcht.2000.0697_t4,CALL(2000),,Cp_app,358.15,3.5,0.0,1.99702,0.0,0.0,0.99851,0.0,-142.0,1.5,T,test-only,,table
call2000_10.1006_jcht.2000.0697_t4,CALL(2000),,Cp_app,363.15,3.5,0.0,1.99702,0.0,0.0,0.99851,0.0,-143.2,1.5,T,test-only,,table
call2000_10.1006_jcht.2000.0697_t4,CALL(2000),,Cp_app,368.15,3.5,0.0,0.01674,0.0,0.0,0.00837,0.0,-245.8,20.2,T,test-only,,table
call2000_10.1006_jcht.2000.0697_t4,CALL(2000),,Cp_app,373.15,3.5,0.0,0.01674,0.0,0.0,0.00837,0.0,-252.2,20.7,T,test-only,,table
call2000_10.1006_jcht.2000.0697_t4,CALL(2000),,Cp_app,378.15,3.5,0.0,0.01674,0.0,0.0,0.00837,0.0,-262.4,21.6,T,test-only,,table
call2000_10.1006_jcht.2000.0697_t4,CALL(2000),,Cp_app,383.15,3.5,0.0,0.01674,0.0,0.0,0.00837,0.0,-272.1,21.8,T,test-only,,table
call2000_10.1006_jcht.2000.0697_t4,CALL(2000),,Cp_app,388.15,3.5,0.0,0.01674,0.0,0.0,0.00837,0.0,-282.7,21.5,T,test-only,,table
call2000_10.1006_jcht.2000.0697_t4,CALL(2000),,Cp_app,393.15,3.5,0.0,0.01674,0.0,0.0,0.00837,0.0,-291.3,20.3,T,test-only,,table
call2000_10.1006_jcht.2000.0697_t4,CALL(2000),,Cp_app,368.15,3.5,0.0,0.03292,0.0,0.0,0.01646,0.0,-251.0,7.1,T,test-only,,table
call2000_10.1006_jcht.2000.0697_t4,CALL(2000),,Cp_app,373.15,3.5,0.0,0.03292,0.0,0.0,0.01646,0.0,-258.4,7.5,T,test-only,,table
call2000_10.1006_jcht.2000.0697_t4,CALL(2000),,Cp_app,378.15,3.5,0.0,0.03292,0.0,0.0,0.01646,0.0,-266.2,7.8,T,test-only,,table
call2000_10.1006_jcht.2000.0697_t4,CALL(2000),,Cp_app,383.15,3.5,0.0,0.03292,0.0,0.0,0.01646,0.0,-275.4,7.8,T,test-only,,table
call2000_10.1006_jcht.2000.0697_t4,CALL(2000),,Cp_app,388.15,3.5,0.0,0.03292,0.0,0.0,0.01646,0.0,-284.1,8.0,T,test-only,,table
call2000_10.1006_jcht.2000.0697_t4,CALL(2000),,Cp_app,393.15,3.5,0.0,0.03292,0.0,0.0,0.01646,0.0,-293.7,7.7,T,test-only,,table
call2000_10.1006_jcht.2000.0697_t4,CALL(2000),,Cp_app,368.15,3.5,0.0,0.06556,0.0,0.0,0.03278,0.0,-241.2,3.3,T,test-only,,table
call2000_10.1006_jcht.2000.0697_t4,CALL(2000),,Cp_app,373.15,3.5,0.0,0.06556,0.0,0.0,0.03278,0.0,-248.1,3.4,T,test-only,,table
call2000_10.1006_jcht.2000.0697_t4,CALL(2000),,Cp_app,378.15,3.5,0.0,0.06556,0.0,0.0,0.03278,0.0,-255.6,3.5,T,test-only,,table
call2000_10.1006_jcht.2000.0697_t4,CALL(2000),,Cp_app,383.15,3.5,0.0,0.06556,0.0,0.0,0.03278,0.0,-263.2,3.6,T,test-only,,table
call2000_10.1006_jcht.2000.0697_t4,CALL(2000),,Cp_app,388.15,3.5,0.0,0.06556,0.0,0.0,0.03278,0.0,-271.5,3.8,T,test-only,,table
call2000_10.1006_jcht.2000.0697_t4,CALL(2000),,Cp_app,393.15,3.5,0.0,0.06556,0.0,0.0,0.03278,0.0,-280.1,3.7,T,test-only,,table
call2000_10.1006_jcht.2000.0697_t4,CALL(2000),,Cp_app,368.15,3.5,0.0,0.13124,0.0,0.0,0.06562,0.0,-228.7,3.0,T,test-only,,table
call2000_10.1006_jcht.2000.0697_t4,CALL(2000),,Cp_app,373.15,3.5,0.0,0.13124,0.0,0.0,0.06562,0.0,-234.5,2.9,T,test-only,,table
call2000_10.1006_jcht.2000.0697_t4,CALL(2000),,Cp_app,378.15,3.5,0.0,0.13124,0.0,0.0,0.06562,0.0,-241.3,2.8,T,test-only,,table
call2000_10.1006_jcht.2000.0697_t4,CALL(2000),,Cp_app,383.15,3.5,0.0,0.13124,0.0,0.0,0.06562,0.0,-248.1,2.9,T,test-only,,table
call2000_10.1006_jcht.2000.0697_t4,CALL(2000),,Cp_app,388.15,3.5,0.0,0.13124,0.0,0.0,0.06562,0.0,-255.4,3.0,T,test-only,,table
call2000_10.1006_jcht.2000.0697_t4,CALL(2000),,Cp_app,393.15,3.5,0.0,0.13124,0.0,0.0,0.06562,0.0,-263.4,3.0,T,test-only,,table
call2000_10.1006_jcht.2000.0697_t4,CALL(2000),,Cp_app,368.15,3.5,0.0,0.26128,0.0,0.0,0.13064,0.0,-210.7,2.3,T,test-only,,table
call2000_10.1006_jcht.2000.0697_t4,CALL(2000),,Cp_app,373.15,3.5,0.0,0.26128,0.0,0.0,0.13064,0.0,-215.5,2.2,T,test-only,,table
call2000_10.1006_jcht.2000.0697_t4,CALL(2000),,Cp_app,378.15,3.5,0.0,0.26128,0.0,0.0,0.13064,0.0,-221.2,2.1,T,test-only,,table
call2000_10.1006_jcht.2000.0697_t4,CALL(2000),,Cp_app,383.15,3.5,0.0,0.26128,0.0,0.0,0.13064,0.0,-227.0,2.2,T,test-only,,table
call2000_10.1006_jcht.2000.0697_t4,CALL(2000),,Cp_app,388.15,3.5,0.0,0.26128,0.0,0.0,0.13064,0.0,-233.2,2.3,T,test-only,,table
call2000_10.1006_jcht.2000.0697_t4,CALL(2000),,Cp_app,393.15,3.5,0.0,0.26128,0.0,0.0,0.13064,0.0,-240.2,2.5,T,test-only,,table
call2000_10.1006_jcht.2000.0697_t4,CALL(2000),,Cp_app,368.15,3.5,0.0,0.53534,0.0,0.0,0.26767,0.0,-187.1,1.9,T,test-only,,table
call2000_10.1006_jcht.2000.0697_t4,CALL(2000),,Cp_app,373.15,3.5,0.0,0.53534,0.0,0.0,0.26767,0.0,-190.8,1.8,T,test-only,,table
call2000_10.1006_jcht.2000.0697_t4,CALL(2000),,Cp_app,378.15,3.5,0.0,0.53534,0.0,0.0,0.26767,0.0,-195.3,1.7,T,test-only,,table
call2000_10.1006_jcht.2000.0697_t4,CALL(2000),,Cp_app,383.15,3.5,0.0,0.53534,0.0,0.0,0.26767,0.0,-199.9,1.7,T,test-only,,table
call2000_10.1006_jcht.2000.0697_t4,CALL(2000),,Cp_app,388.15,3.5,0.0,0.53534,0.0,0.0,0.26767,0.0,-204.9,1.8,T,test-only,,table
call2000_10.1006_jcht.2000.0697_t4,CALL(2000),,Cp_app,393.15,3.5,0.0,0.53534,0.0,0.0,0.26767,0.0,-210.4,2.0,T,test-only,,table
call2000_10.1006_jcht.2000.0697_t4,CALL(2000),,Cp_app,368.15,3.5,0.0,1.04952,0.0,0.0,0.52476,0.0,-170.0,1.8,T,test-only,,table
call2000_10.1006_jcht.2000.0697_t4,CALL(2000),,Cp_app,373.15,3.5,0.0,1.04952,0.0,0.0,0.52476,0.0,-172.6,1.7,T,test-only,,table
call2000_10.1006_jcht.2000.0697_t4,CALL(2000),,Cp_app,378.15,3.5,0.0,1.04952,0.0,0.0,0.52476,0.0,-175.8,1.7,T,test-only,,table
call2000_10.1006_jcht.2000.0697_t4,CALL(2000),,Cp_app,383.15,3.5,0.0,1.04952,0.0,0.0,0.52476,0.0,-179.0,1.7,T,test-only,,table
call2000_10.1006_jcht.2000.0697_t4,CALL(2000),,Cp_app,388.15,3.5,0.0,1.04952,0.0,0.0,0.52476,0.0,-182.6,1.7,T,test-only,,table
call2000_10.1006_jcht.2000.0697_t4,CALL(2000),,Cp_app,393.15,3.5,0.0,1.04952,0.0,0.0,0.52476,0.0,-186.5,1.9,T,test-only,,table
call2000_10.1006_jcht.2000.0697_t4,CALL(2000),,Cp_app,368.15,3.5,0.0,1.5307,0.0,0.0,0.76535,0.0,-152.9,1.8,T,test-only,,table
call2000_10.1006_jcht.2000.0697_t4,CALL(2000),,Cp_app,373.15,3.5,0.0,1.5307,0.0,0.0,0.76535,0.0,-154.9,1.8,T,test-only,,table
call2000_10.1006_jcht.2000.0697_t4,CALL(2000),,Cp_app,378.15,3.5,0.0,1.5307,0.0,0.0,0.76535,0.0,-157.5,1.7,T,test-only,,table
call2000_10.1006_jcht.2000.0697_t4,CALL(2000),,Cp_app,383.15,3.5,0.0,1.5307,0.0,0.0,0.76535,0.0,-159.9,1.8,T,test-only,,table
call2000_10.1006_jcht.2000.0697_t4,CALL(2000),,Cp_app,388.15,3.5,0.0,1.5307,0.0,0.0,0.76535,0.0,-162.7,1.8,T,test-only,,table
call2000_10.1006_jcht.2000.0697_t4,CALL(2000),,Cp_app,393.15,3.5,0.0,1.5307,0.0,0.0,0.76535,0.0,-165.7,1.9,T,test-only,,table
call2000_10.1006_jcht.2000.0697_t4,CALL(2000),,Cp_app,368.15,3.5,0.0,1.99702,0.0,0.0,0.99851,0.0,-144.5,1.6,T,test-only,,table
call2000_10.1006_jcht.2000.0697_t4,CALL(2000),,Cp_app,373.15,3.5,0.0,1.99702,0.0,0.0,0.99851,0.0,-146.1,1.5,T,test-only,,table
call2000_10.1006_jcht.2000.0697_t4,CALL(2000),,Cp_app,378.15,3.5,0.0,1.99702,0.0,0.0,0.99851,0.0,-148.2,1.5,T,test-only,,table
call2000_10.1006_jcht.2000.0697_t4,CALL(2000),,Cp_app,383.15,3.5,0.0,1.99702,0.0,0.0,0.99851,0.0,-150.0,1.6,T,test-only,,table
call2000_10.1006_jcht.2000.0697_t4,CALL(2000),,Cp_app,388.15,3.5,0.0,1.99702,0.0,0.0,0.99851,0.0,-152.2,1.6,T,test-only,,table
call2000_10.1006_jcht.2000.0697_t4,CALL(2000),,Cp_app,393.15,3.5,0.0,1.99702,0.0,0.0,0.99851,0.0,-154.5,1.6,T,test-only,,table
pabalan1988_10.1016_0016-7037(88)90296-7_t1,PABALAN(1988),,Cp_app,413.53,200.0,0.1002,0.0,0.0,0.0,0.0,0.0501,-87.9,14.6,T,test-only,,table
pabalan1988_10.1016_0016-7037(88)90296-7_t1,PABALAN(1988),,Cp_app,413.53,200.0,0.2,0.0,0.0,0.0,0.0,0.1,-68.8,8.1,T,test-only,,table
pabalan1988_10.1016_0016-7037(88)90296-7_t1,PABALAN(1988),,Cp_app,413.53,200.0,0.2,0.0,0.0,0.0,0.0,0.1,-75.9,8.2,T,test-only,,table
pabalan1988_10.1016_0016-7037(88)90296-7_t1,PABALAN(1988),,Cp_app,413.53,200.0,0.4998,0.0,0.0,0.0,0.0,0.2499,-30.8,4.0,T,test-only,,table
pabalan1988_10.1016_0016-7037(88)90296-7_t1,PABALAN(1988),,Cp_app,413.53,200.0,1.0,0.0,0.0,0.0,0.0,0.5,9.3,2.4,T,test-only,,table
pabalan1988_10.1016_0016-7037(88)90296-7_t1,PABALAN(1988),,Cp_app,413.53,200.0,1.5002,0.0,0.0,0.0,0.0,0.7501,29.3,1.8,T,test-only,,table
pabalan1988_10.1016_0016-7037(88)90296-7_t1,PABALAN(1988),,Cp_app,413.53,200.0,2.0,0.0,0.0,0.0,0.0,1.0,52.1,1.4,T,test-only,,table
pabalan1988_10.1016_0016-7037(88)90296-7_t1,PABALAN(1988),,Cp_app,413.53,200.0,2.5,0.0,0.0,0.0,0.0,1.25,64.3,1.2,T,test-only,,table
pabalan1988_10.1016_0016-7037(88)90296-7_t1,PABALAN(1988),,Cp_app,413.53,200.0,3.0016,0.0,0.0,0.0,0.0,1.5008,76.3,1.0,T,test-only,,table
pabalan1988_10.1016_0016-7037(88)90296-7_t1,PABALAN(1988),,Cp_app,423.67,200.0,0.10002,0.0,0.0,0.0,0.0,0.05001,-106.0,15.0,T,test-only,,table
pabalan1988_10.1016_0016-7037(88)90296-7_t1,PABALAN(1988),,Cp_app,423.67,200.0,0.10002,0.0,0.0,0.0,0.0,0.05001,-104.0,15.0,T,test-only,,table
pabalan1988_10.1016_0016-7037(88)90296-7_t1,PABALAN(1988),,Cp_app,423.67,200.0,0.10002,0.0,0.0,0.0,0.0,0.05001,-139.0,15.0,T,test-only,,table
pabalan1988_10.1016_0016-7037(88)90296-7_t1,PABALAN(1988),,Cp_app,423.67,200.0,0.10002,0.0,0.0,0.0,0.0,0.05001,-117.0,15.0,T,test-only,,table
pabalan1988_10.1016_0016-7037(88)90296-7_t1,PABALAN(1988),,Cp_app,423.67,200.0,0.19992,0.0,0.0,0.0,0.0,0.09996,-85.6,8.3,T,test-only,,table
pabalan1988_10.1016_0016-7037(88)90296-7_t1,PABALAN(1988),,Cp_app,423.67,200.0,0.19992,0.0,0.0,0.0,0.0,0.09996,-77.5,8.2,T,test-only,,table
pabalan1988_10.1016_0016-7037(88)90296-7_t1,PABALAN(1988),,Cp_app,423.67,200.0,0.2,0.0,0.0,0.0,0.0,0.1,-105.0,9.0,T,test-only,,table
pabalan1988_10.1016_0016-7037(88)90296-7_t1,PABALAN(1988),,Cp_app,423.67,200.0,0.2,0.0,0.0,0.0,0.0,0.1,-103.0,9.0,T,test-only,,table
pabalan1988_10.1016_0016-7037(88)90296-7_t1,PABALAN(1988),,Cp_app,423.67,200.0,0.4998,0.0,0.0,0.0,0.0,0.2499,-44.1,4.1,T,test-only,,table
pabalan1988_10.1016_0016-7037(88)90296-7_t1,PABALAN(1988),,Cp_app,423.67,200.0,0.4998,0.0,0.0,0.0,0.0,0.2499,-40.0,4.1,T,test-only,,table
pabalan1988_10.1016_0016-7037(88)90296-7_t1,PABALAN(1988),,Cp_app,423.67,200.0,1.0,0.0,0.0,0.0,0.0,0.5,0.5,2.5,T,test-only,,table
pabalan1988_10.1016_0016-7037(88)90296-7_t1,PABALAN(1988),,Cp_app,423.67,200.0,1.0,0.0,0.0,0.0,0.0,0.5,-5.3,2.6,T,test-only,,table
pabalan1988_10.1016_0016-7037(88)90296-7_t1,PABALAN(1988),,Cp_app,423.67,200.0,1.0,0.0,0.0,0.0,0.0,0.5,-4.0,2.5,T,test-only,,table
pabalan1988_10.1016_0016-7037(88)90296-7_t1,PABALAN(1988),,Cp_app,423.67,200.0,1.5002,0.0,0.0,0.0,0.0,0.7501,18.7,1.9,T,test-only,,table
pabalan1988_10.1016_0016-7037(88)90296-7_t1,PABALAN(1988),,Cp_app,423.67,200.0,1.5002,0.0,0.0,0.0,0.0,0.7501,22.5,1.9,T,test-only,,table
pabalan1988_10.1016_0016-7037(88)90296-7_t1,PABALAN(1988),,Cp_app,423.67,200.0,1.5004,0.0,0.0,0.0,0.0,0.7502,16.4,2.0,T,test-only,,table
pabalan1988_10.1016_0016-7037(88)90296-7_t1,PABALAN(1988),,Cp_app,423.67,200.0,2.0,0.0,0.0,0.0,0.0,1.0,41.9,1.5,T,test-only,,table
pabalan1988_10.1016_0016-7037(88)90296-7_t1,PABALAN(1988),,Cp_app,423.67,200.0,2.0,0.0,0.0,0.0,0.0,1.0,42.9,1.5,T,test-only,,table
pabalan1988_10.1016_0016-7037(88)90296-7_t1,PABALAN(1988),,Cp_app,423.67,200.0,2.0,0.0,0.0,0.0,0.0,1.0,39.6,1.5,T,test-only,,table
pabalan1988_10.1016_0016-7037(88)90296-7_t1,PABALAN(1988),,Cp_app,423.67,200.0,2.5,0.0,0.0,0.0,0.0,1.25,53.9,1.3,T,test-only,,table
pabalan1988_10.1016_0016-7037(88)90296-7_t1,PABALAN(1988),,Cp_app,423.67,200.0,2.5,0.0,0.0,0.0,0.0,1.25,57.9,1.3,T,test-only,,table
pabalan1988_10.1016_0016-7037(88)90296-7_t1,PABALAN(1988),,Cp_app,423.67,200.0,3.0016,0.0,0.0,0.0,0.0,1.5008,70.8,1.1,T,test-only,,table
pabalan1988_10.1016_0016-7037(88)90296-7_t1,PABALAN(1988),,Cp_app,423.67,200.0,3.0016,0.0,0.0,0.0,0.0,1.5008,72.1,1.1,T,test-only,,table
pabalan1988_10.1016_0016-7037(88)90296-7_t1,PABALAN(1988),,Cp_app,472.63,200.0,0.1002,0.0,0.0,0.0,0.0,0.0501,-182.0,16.0,T,test-only,,table
pabalan1988_10.1016_0016-7037(88)90296-7_t1,PABALAN(1988),,Cp_app,472.63,200.0,0.1002,0.0,0.0,0.0,0.0,0.0501,-188.0,16.0,T,test-only,,table
pabalan1988_10.1016_0016-7037(88)90296-7_t1,PABALAN(1988),,Cp_app,472.63,200.0,0.2,0.0,0.0,0.0,0.0,0.1,-174.0,10.0,T,test-only,,table
pabalan1988_10.1016_0016-7037(88)90296-7_t1,PABALAN(1988),,Cp_app,472.63,200.0,0.2,0.0,0.0,0.0,0.0,0.1,-160.0,10.0,T,test-only,,table
pabalan1988_10.1016_0016-7037(88)90296-7_t1,PABALAN(1988),,Cp_app,472.63,200.0,0.2,0.0,0.0,0.0,0.0,0.1,-152.0,9.0,T,test-only,,table
pabalan1988_10.1016_0016-7037(88)90296-7_t1,PABALAN(1988),,Cp_app,472.63,200.0,0.4998,0.0,0.0,0.0,0.0,0.2499,-107.0,5.0,T,test-only,,table
pabalan1988_10.1016_0016-7037(88)90296-7_t1,PABALAN(1988),,Cp_app,472.63,200.0,0.4998,0.0,0.0,0.0,0.0,0.2499,-114.0,5.0,T,test-only,,table
pabalan1988_10.1016_0016-7037(88)90296-7_t1,PABALAN(1988),,Cp_app,472.63,200.0,1.0,0.0,0.0,0.0,0.0,0.5,-68.7,3.5,T,test-only,,table
pabalan1988_10.1016_0016-7037(88)90296-7_t1,PABALAN(1988),,Cp_app,472.63,200.0,1.0,0.0,0.0,0.0,0.0,0.5,-72.6,3.5,T,test-only,,table
pabalan1988_10.1016_0016-7037(88)90296-7_t1,PABALAN(1988),,Cp_app,472.63,200.0,1.5002,0.0,0.0,0.0,0.0,0.7501,-29.9,2.7,T,test-only,,table
pabalan1988_10.1016_0016-7037(88)90296-7_t1,PABALAN(1988),,Cp_app,472.63,200.0,1.5002,0.0,0.0,0.0,0.0,0.7501,-26.8,2.6,T,test-only,,table
pabalan1988_10.1016_0016-7037(88)90296-7_t1,PABALAN(1988),,Cp_app,472.63,200.0,2.0,0.0,0.0,0.0,0.0,1.0,-11.3,2.3,T,test-only,,table
pabalan1988_10.1016_0016-7037(88)90296-7_t1,PABALAN(1988),,Cp_app,472.63,200.0,2.5,0.0,0.0,0.0,0.0,1.25,7.5,2.0,T,test-only,,table
pabalan1988_10.1016_0016-7037(88)90296-7_t1,PABALAN(1988),,Cp_app,472.63,200.0,2.5,0.0,0.0,0.0,0.0,1.25,7.8,2.0,T,test-only,,table
pabalan1988_10.1016_0016-7037(88)90296-7_t1,PABALAN(1988),,Cp_app,472.63,200.0,3.0016,0.0,0.0,0.0,0.0,1.5008,28.9,1.7,T,test-only,,table
pabalan1988_10.1016_0016-7037(88)90296-7_t1,PABALAN(1988),,Cp_app,522.47,200.0,0.1002,0.0,0.0,0.0,0.0,0.0501,-408.0,20.0,T,test-only,,table
pabalan1988_10.1016_0016-7037(88)90296-7_t1,PABALAN(1988),,Cp_app,522.47,200.0,0.2,0.0,0.0,0.0,0.0,0.1,-328.0,12.0,T,test-only,,table
pabalan1988_10.1016_0016-7037(88)90296-7_t1,PABALAN(1988),,Cp_app,522.47,200.0,0.4998,0.0,0.0,0.0,0.0,0.2499,-255.0,7.0,T,test-only,,table
pabalan1988_10.1016_0016-7037(88)90296-7_t1,PABALAN(1988),,Cp_app,522.47,200.0,1.0,0.0,0.0,0.0,0.0,0.5,-184.0,5.0,T,test-only,,table
pabalan1988_10.1016_0016-7037(88)90296-7_t1,PABALAN(1988),,Cp_app,522.47,200.0,1.5002,0.0,0.0,0.0,0.0,0.7501,-139.0,4.0,T,test-only,,table
pabalan1988_10.1016_0016-7037(88)90296-7_t1,PABALAN(1988),,Cp_app,522.47,200.0,2.0,0.0,0.0,0.0,0.0,1.0,-98.8,3.7,T,test-only,,table
pabalan1988_10.1016_0016-7037(88)90296-7_t1,PABALAN(1988),,Cp_app,522.47,200.0,2.5,0.0,0.0,0.0,0.0,1.25,-70.5,3.2,T,test-only,,table
pabalan1988_10.1016_0016-7037(88)90296-7_t1,PABALAN(1988),,Cp_app,522.47,200.0,3.0016,0.0,0.0,0.0,0.0,1.5008,-55.0,3.0,T,test-only,,table
pabalan1988_10.1016_0016-7037(88)90296-7_t1,PABALAN(1988),,Cp_app,572.74,200.0,0.1,0.0,0.0,0.0,0.0,0.05,-1021.0,30.0,T,test-only,,table
pabalan1988_10.1016_0016-7037(88)90296-7_t1,PABALAN(1988),,Cp_app,572.74,200.0,0.1,0.0,0.0,0.0,0.0,0.05,-1013.0,30.0,T,test-only,,table
pabalan1988_10.1016_0016-7037(88)90296-7_t1,PABALAN(1988),,Cp_app,572.74,200.0,0.2,0.0,0.0,0.0,0.0,0.1,-834.0,20.0,T,test-only,,table
pabalan1988_10.1016_0016-7037(88)90296-7_t1,PABALAN(1988),,Cp_app,572.74,200.0,0.2,0.0,0.0,0.0,0.0,0.1,-830.0,20.0,T,test-only,,table
pabalan1988_10.1016_0016-7037(88)90296-7_t1,PABALAN(1988),,Cp_app,572.74,200.0,0.5,0.0,0.0,0.0,0.0,0.25,-636.0,13.0,T,test-only,,table
pabalan1988_10.1016_0016-7037(88)90296-7_t1,PABALAN(1988),,Cp_app,572.74,200.0,0.9996,0.0,0.0,0.0,0.0,0.4998,-482.0,10.0,T,test-only,,table
pabalan1988_10.1016_0016-7037(88)90296-7_t1,PABALAN(1988),,Cp_app,572.74,200.0,0.9996,0.0,0.0,0.0,0.0,0.4998,-495.0,10.0,T,test-only,,table
pabalan1988_10.1016_0016-7037(88)90296-7_t1,PABALAN(1988),,Cp_app,572.74,200.0,1.5002,0.0,0.0,0.0,0.0,0.7501,-397.0,8.0,T,test-only,,table
pabalan1988_10.1016_0016-7037(88)90296-7_t1,PABALAN(1988),,Cp_app,572.74,200.0,1.5004,0.0,0.0,0.0,0.0,0.7502,-395.0,8.0,T,test-only,,table
pabalan1988_10.1016_0016-7037(88)90296-7_t1,PABALAN(1988),,Cp_app,572.74,200.0,2.0,0.0,0.0,0.0,0.0,1.0,-338.0,7.0,T,test-only,,table
pabalan1988_10.1016_0016-7037(88)90296-7_t1,PABALAN(1988),,Cp_app,572.74,200.0,2.5,0.0,0.0,0.0,0.0,1.25,-274.0,6.0,T,test-only,,table
pabalan1988_10.1016_0016-7037(88)90296-7_t1,PABALAN(1988),,Cp_app,572.74,200.0,3.0016,0.0,0.0,0.0,0.0,1.5008,-233.0,6.0,T,test-only,,table
white1987_10.1016_0021-9614(87)90132-7_t1,WHITE(1987),,Cp_app,306.82,21.2,0.0,6.0568,0.0,3.0284,0.0,0.0,-76.03,4.0,T,test-only,,table
white1987_10.1016_0021-9614(87)90132-7_t1,WHITE(1987),,Cp_app,306.82,21.2,0.0,6.0568,0.0,3.0284,0.0,0.0,-75.94,4.0,T,test-only,,table
white1987_10.1016_0021-9614(87)90132-7_t1,WHITE(1987),,Cp_app,306.82,21.2,0.0,6.0568,0.0,3.0284,0.0,0.0,-76.25,4.01,T,test-only,,table
white1987_10.1016_0021-9614(87)90132-7_t1,WHITE(1987),,Cp_app,306.55,48.1,0.0,6.0568,0.0,3.0284,0.0,0.0,-75.81,4.01,T,test-only,,table
white1987_10.1016_0021-9614(87)90132-7_t1,WHITE(1987),,Cp_app,306.55,48.1,0.0,6.0568,0.0,3.0284,0.0,0.0,-75.61,4.01,T,test-only,,table
white1987_10.1016_0021-9614(87)90132-7_t1,WHITE(1987),,Cp_app,306.36,100.9,0.0,6.0568,0.0,3.0284,0.0,0.0,-69.78,3.92,T,test-only,,table
white1987_10.1016_0021-9614(87)90132-7_t1,WHITE(1987),,Cp_app,306.36,100.9,0.0,6.0568,0.0,3.0284,0.0,0.0,-70.27,3.93,T,test-only,,table
white1987_10.1016_0021-9614(87)90132-7_t1,WHITE(1987),,Cp_app,306.36,100.9,0.0,6.0568,0.0,3.0284,0.0,0.0,-70.15,3.93,T,test-only,,table
white1987_10.1016_0021-9614(87)90132-7_t1,WHITE(1987),,Cp_app,306.36,100.9,0.0,6.0568,0.0,3.0284,0.0,0.0,-70.38,3.93,T,test-only,,table
white1987_10.1016_0021-9614(87)90132-7_t1,WHITE(1987),,Cp_app,306.36,100.9,0.0,6.0568,0.0,3.0284,0.0,0.0,-70.53,3.93,T,test-only,,table
white1987_10.1016_0021-9614(87)90132-7_t1,WHITE(1987),,Cp_app,306.21,172.0,0.0,0.1014,0.0,0.0507,0.0,0.0,-208.13,12.76,T,test-only,,table
white1987_10.1016_0021-9614(87)90132-7_t1,WHITE(1987),,Cp_app,306.21,172.0,0.0,0.1014,0.0,0.0507,0.0,0.0,-206.96,12.73,T,test-only,,table
white1987_10.1016_0021-9614(87)90132-7_t1,WHITE(1987),,Cp_app,306.21,172.0,0.0,0.1014,0.0,0.0507,0.0,0.0,-205.8,12.71,T,test-only,,table
white1987_10.1016_0021-9614(87)90132-7_t1,WHITE(1987),,Cp_app,306.21,172.0,0.0,0.2022,0.0,0.1011,0.0,0.0,-196.98,9.16,T,test-only,,table
white1987_10.1016_0021-9614(87)90132-7_t1,WHITE(1987),,Cp_app,306.21,172.0,0.0,0.2022,0.0,0.1011,0.0,0.0,-199.86,9.21,T,test-only,,table
white1987_10.1016_0021-9614(87)90132-7_t1,WHITE(1987),,Cp_app,306.21,172.0,0.0,0.2022,0.0,0.1011,0.0,0.0,-197.02,9.16,T,test-only,,table
white1987_10.1016_0021-9614(87)90132-7_t1,WHITE(1987),,Cp_app,306.21,172.0,0.0,0.5018,0.0,0.2509,0.0,0.0,-195.41,7.16,T,test-only,,table
white1987_10.1016_0021-9614(87)90132-7_t1,WHITE(1987),,Cp_app,306.21,172.0,0.0,0.5018,0.0,0.2509,0.0,0.0,-183.91,6.93,T,test-only,,table
white1987_10.1016_0021-9614(87)90132-7_t1,WHITE(1987),,Cp_app,306.21,172.0,0.0,0.5018,0.0,0.2509,0.0,0.0,-185.06,6.95,T,test-only,,table
white1987_10.1016_0021-9614(87)90132-7_t1,WHITE(1987),,Cp_app,306.21,172.0,0.0,1.0034,0.0,0.5017,0.0,0.0,-169.37,6.05,T,test-only,,table
white1987_10.1016_0021-9614(87)90132-7_t1,WHITE(1987),,Cp_app,306.21,172.0,0.0,1.0034,0.0,0.5017,0.0,0.0,-168.3,6.03,T,test-only,,table
white1987_10.1016_0021-9614(87)90132-7_t1,WHITE(1987),,Cp_app,306.21,172.0,0.0,1.0034,0.0,0.5017,0.0,0.0,-167.95,6.02,T,test-only,,table
white1987_10.1016_0021-9614(87)90132-7_t1,WHITE(1987),,Cp_app,306.21,172.0,0.0,2.0098,0.0,1.0049,0.0,0.0,-142.27,5.3,T,test-only,,table
white1987_10.1016_0021-9614(87)90132-7_t1,WHITE(1987),,Cp_app,306.21,172.0,0.0,2.0098,0.0,1.0049,0.0,0.0,-142.31,5.3,T,test-only,,table
white1987_10.1016_0021-9614(87)90132-7_t1,WHITE(1987),,Cp_app,306.21,172.0,0.0,2.0098,0.0,1.0049,0.0,0.0,-141.71,5.29,T,test-only,,table
white1987_10.1016_0021-9614(87)90132-7_t1,WHITE(1987),,Cp_app,306.21,172.0,0.0,4.008,0.0,2.004,0.0,0.0,-101.68,4.5,T,test-only,,table
white1987_10.1016_0021-9614(87)90132-7_t1,WHITE(1987),,Cp_app,306.21,172.0,0.0,4.008,0.0,2.004,0.0,0.0,-102.02,4.51,T,test-only,,table
white1987_10.1016_0021-9614(87)90132-7_t1,WHITE(1987),,Cp_app,306.21,172.0,0.0,4.008,0.0,2.004,0.0,0.0,-102.22,4.51,T,test-only,,table
white1987_10.1016_0021-9614(87)90132-7_t1,WHITE(1987),,Cp_app,306.21,172.0,0.0,6.0568,0.0,3.0284,0.0,0.0,-65.63,3.86,T,test-only,,table
white1987_10.1016_0021-9614(87)90132-7_t1,WHITE(1987),,Cp_app,306.21,172.0,0.0,6.0568,0.0,3.0284,0.0,0.0,-65.16,3.85,T,test-only,,table
white1987_10.1016_0021-9614(87)90132-7_t1,WHITE(1987),,Cp_app,306.21,172.0,0.0,6.0568,0.0,3.0284,0.0,0.0,-65.07,3.85,T,test-only,,table
white1987_10.1016_0021-9614(87)90132-7_t1,WHITE(1987),,Cp_app,307.17,175.5,0.0,6.0568,0.0,3.0284,0.0,0.0,-67.2,3.9,T,test-only,,table
white1987_10.1016_0021-9614(87)90132-7_t1,WHITE(1987),,Cp_app,307.17,175.5,0.0,6.0568,0.0,3.0284,0.0,0.0,-67.27,3.9,T,test-only,,table
white1987_10.1016_0021-9614(87)90132-7_t1,WHITE(1987),,Cp_app,307.17,175.5,0.0,6.0568,0.0,3.0284,0.0,0.0,-67.58,3.91,T,test-only,,table
white1987_10.1016_0021-9614(87)90132-7_t1,WHITE(1987),,Cp_app,307.17,175.5,0.0,6.0568,0.0,3.0284,0.0,0.0,-67.64,3.91,T,test-only,,table
white1987_10.1016_0021-9614(87)90132-7_t1,WHITE(1987),,Cp_app,324.39,172.7,0.0,0.1014,0.0,0.0507,0.0,0.0,-193.49,13.31,T,test-only,,table
white1987_10.1016_0021-9614(87)90132-7_t1,WHITE(1987),,Cp_app,324.39,172.7,0.0,0.1014,0.0,0.0507,0.0,0.0,-198.63,13.41,T,test-only,,table
white1987_10.1016_0021-9614(87)90132-7_t1,WHITE(1987),,Cp_app,324.39,172.7,0.0,0.1014,0.0,0.0507,0.0,0.0,-203.78,13.52,T,test-only,,table
white1987_10.1016_0021-9614(87)90132-7_t1,WHITE(1987),,Cp_app,324.39,172.7,0.0,0.2022,0.0,0.1011,0.0,0.0,-191.45,9.47,T,test-only,,table
white1987_10.1016_0021-9614(87)90132-7_t1,WHITE(1987),,Cp_app,324.39,172.7,0.0,0.2022,0.0,0.1011,0.0,0.0,-193.6,9.51,T,test-only,,table
white1987_10.1016_0021-9614(87)90132-7_t1,WHITE(1987),,Cp_app,324.39,172.7,0.0,0.5018,0.0,0.2509,0.0,0.0,-172.03,6.87,T,test-only,,table
white1987_10.1016_0021-9614(87)90132-7_t1,WHITE(1987),,Cp_app,324.39,172.7,0.0,0.5018,0.0,0.2509,0.0,0.0,-173.6,6.9,T,test-only,,table
white1987_10.1016_0021-9614(87)90132-7_t1,WHITE(1987),,Cp_app,324.39,172.7,0.0,0.5018,0.0,0.2509,0.0,0.0,-175.51,6.94,T,test-only,,table
white1987_10.1016_0021-9614(87)90132-7_t1,WHITE(1987),,Cp_app,324.39,172.7,0.0,1.0034,0.0,0.5017,0.0,0.0,-158.25,5.91,T,test-only,,table
white1987_10.1016_0021-9614(87)90132-7_t1,WHITE(1987),,Cp_app,324.39,172.7,0.0,1.0034,0.0,0.5017,0.0,0.0,-156.94,5.89,T,test-only,,table
white1987_10.1016_0021-9614(87)90132-7_t1,WHITE(1987),,Cp_app,324.39,172.7,0.0,1.0034,0.0,0.5017,0.0,0.0,-157.99,5.91,T,test-only,,table
white1987_10.1016_0021-9614(87)90132-7_t1,WHITE(1987),,Cp_app,324.39,172.7,0.0,2.0098,0.0,1.0049,0.0,0.0,-130.92,5.12,T,test-only,,table
white1987_10.1016_0021-9614(87)90132-7_t1,WHITE(1987),,Cp_app,324.39,172.7,0.0,2.0098,0.0,1.0049,0.0,0.0,-130.25,5.1,T,test-only,,table
white1987_10.1016_0021-9614(87)90132-7_t1,WHITE(1987),,Cp_app,324.39,172.7,0.0,2.0098,0.0,1.0049,0.0,0.0,-131.05,5.12,T,test-only,,table
white1987_10.1016_0021-9614(87)90132-7_t1,WHITE(1987),,Cp_app,324.39,172.7,0.0,4.008,0.0,2.004,0.0,0.0,-91.43,4.32,T,test-only,,table
white1987_10.1016_0021-9614(87)90132-7_t1,WHITE(1987),,Cp_app,324.39,172.7,0.0,4.008,0.0,2.004,0.0,0.0,-89.48,4.28,T,test-only,,table
white1987_10.1016_0021-9614(87)90132-7_t1,WHITE(1987),,Cp_app,324.39,172.7,0.0,4.008,0.0,2.004,0.0,0.0,-92.0,4.33,T,test-only,,table
white1987_10.1016_0021-9614(87)90132-7_t1,WHITE(1987),,Cp_app,324.39,172.7,0.0,6.0568,0.0,3.0284,0.0,0.0,-55.5,3.68,T,test-only,,table
white1987_10.1016_0021-9614(87)90132-7_t1,WHITE(1987),,Cp_app,324.39,172.7,0.0,6.0568,0.0,3.0284,0.0,0.0,-55.98,3.69,T,test-only,,table
white1987_10.1016_0021-9614(87)90132-7_t1,WHITE(1987),,Cp_app,324.39,172.7,0.0,6.0568,0.0,3.0284,0.0,0.0,-56.16,3.69,T,test-only,,table
white1987_10.1016_0021-9614(87)90132-7_t1,WHITE(1987),,Cp_app,349.86,177.5,0.0,0.1014,0.0,0.0507,0.0,0.0,-233.37,15.45,T,test-only,,table
white1987_10.1016_0021-9614(87)90132-7_t1,WHITE(1987),,Cp_app,349.86,177.5,0.0,0.1014,0.0,0.0507,0.0,0.0,-209.23,14.97,T,test-only,,table
white1987_10.1016_0021-9614(87)90132-7_t1,WHITE(1987),,Cp_app,349.86,177.5,0.0,0.2022,0.0,0.1011,0.0,0.0,-181.72,9.95,T,test-only,,table
white1987_10.1016_0021-9614(87)90132-7_t1,WHITE(1987),,Cp_app,349.86,177.5,0.0,0.2022,0.0,0.1011,0.0,0.0,-188.21,10.08,T,test-only,,table
white1987_10.1016_0021-9614(87)90132-7_t1,WHITE(1987),,Cp_app,349.86,177.5,0.0,0.2022,0.0,0.1011,0.0,0.0,-190.37,10.13,T,test-only,,table
white1987_10.1016_0021-9614(87)90132-7_t1,WHITE(1987),,Cp_app,349.86,177.5,0.0,0.5018,0.0,0.2509,0.0,0.0,-178.11,7.27,T,test-only,,table
white1987_10.1016_0021-9614(87)90132-7_t1,WHITE(1987),,Cp_app,349.86,177.5,0.0,0.5018,0.0,0.2509,0.0,0.0,-170.23,7.11,T,test-only,,table
white1987_10.1016_0021-9614(87)90132-7_t1,WHITE(1987),,Cp_app,349.86,177.5,0.0,0.5018,0.0,0.2509,0.0,0.0,-171.63,7.14,T,test-only,,table
white1987_10.1016_0021-9614(87)90132-7_t1,WHITE(1987),,Cp_app,349.86,177.5,0.0,1.0034,0.0,0.5017,0.0,0.0,-149.43,5.88,T,test-only,,table
white1987_10.1016_0021-9614(87)90132-7_t1,WHITE(1987),,Cp_app,349.86,177.5,0.0,1.0034,0.0,0.5017,0.0,0.0,-151.02,5.91,T,test-only,,table
white1987_10.1016_0021-9614(87)90132-7_t1,WHITE(1987),,Cp_app,349.86,177.5,0.0,1.0034,0.0,0.5017,0.0,0.0,-150.32,5.9,T,test-only,,table
white1987_10.1016_0021-9614(87)90132-7_t1,WHITE(1987),,Cp_app,349.86,177.5,0.0,2.0098,0.0,1.0049,0.0,0.0,-123.3,5.04,T,test-only,,table
white1987_10.1016_0021-9614(87)90132-7_t1,WHITE(1987),,Cp_app,349.86,177.5,0.0,2.0098,0.0,1.0049,0.0,0.0,-122.45,5.02,T,test-only,,table
white1987_10.1016_0021-9614(87)90132-7_t1,WHITE(1987),,Cp_app,350.06,177.5,0.0,0.1014,0.0,0.0507,0.0,0.0,-164.87,13.73,T,test-only,,table
white1987_10.1016_0021-9614(87)90132-7_t1,WHITE(1987),,Cp_app,350.06,177.5,0.0,0.1014,0.0,0.0507,0.0,0.0,-183.58,14.1,T,test-only,,table
white1987_10.1016_0021-9614(87)90132-7_t1,WHITE(1987),,Cp_app,350.06,177.5,0.0,0.2022,0.0,0.1011,0.0,0.0,-188.24,9.91,T,test-only,,table
white1987_10.1016_0021-9614(87)90132-7_t1,WHITE(1987),,Cp_app,350.06,177.5,0.0,0.2022,0.0,0.1011,0.0,0.0,-220.08,10.54,T,test-only,,table
white1987_10.1016_0021-9614(87)90132-7_t1,WHITE(1987),,Cp_app,350.06,177.5,0.0,0.5018,0.0,0.2509,0.0,0.0,-176.09,7.15,T,test-only,,table
white1987_10.1016_0021-9614(87)90132-7_t1,WHITE(1987),,Cp_app,350.06,177.5,0.0,0.5018,0.0,0.2509,0.0,0.0,-168.25,7.0,T,test-only,,table
white1987_10.1016_0021-9614(87)90132-7_t1,WHITE(1987),,Cp_app,350.06,177.5,0.0,0.5018,0.0,0.2509,0.0,0.0,-166.5,6.96,T,test-only,,table
white1987_10.1016_0021-9614(87)90132-7_t1,WHITE(1987),,Cp_app,350.06,177.5,0.0,1.0034,0.0,0.5017,0.0,0.0,-152.47,5.91,T,test-only,,table
white1987_10.1016_0021-9614(87)90132-7_t1,WHITE(1987),,Cp_app,350.06,177.5,0.0,1.0034,0.0,0.5017,0.0,0.0,-149.15,5.84,T,test-only,,table
white1987_10.1016_0021-9614(87)90132-7_t1,WHITE(1987),,Cp_app,350.06,177.5,0.0,1.0034,0.0,0.5017,0.0,0.0,-154.06,5.94,T,test-only,,table
white1987_10.1016_0021-9614(87)90132-7_t1,WHITE(1987),,Cp_app,350.06,177.5,0.0,2.0098,0.0,1.0049,0.0,0.0,-121.79,4.99,T,test-only,,table
white1987_10.1016_0021-9614(87)90132-7_t1,WHITE(1987),,Cp_app,350.06,177.5,0.0,2.0098,0.0,1.0049,0.0,0.0,-119.0,4.94,T,test-only,,table
white1987_10.1016_0021-9614(87)90132-7_t1,WHITE(1987),,Cp_app,350.06,177.5,0.0,2.0098,0.0,1.0049,0.0,0.0,-121.64,4.99,T,test-only,,table
white1987_10.1016_0021-9614(87)90132-7_t1,WHITE(1987),,Cp_app,350.06,177.5,0.0,4.008,0.0,2.004,0.0,0.0,-75.81,4.04,T,test-only,,table
white1987_10.1016_0021-9614(87)90132-7_t1,WHITE(1987),,Cp_app,350.06,177.5,0.0,4.008,0.0,2.004,0.0,0.0,-77.02,4.07,T,test-only,,table
white1987_10.1016_0021-9614(87)90132-7_t1,WHITE(1987),,Cp_app,350.06,177.5,0.0,6.0568,0.0,3.0284,0.0,0.0,-38.07,3.36,T,test-only,,table
white1987_10.1016_0021-9614(87)90132-7_t1,WHITE(1987),,Cp_app,350.06,177.5,0.0,6.0568,0.0,3.0284,0.0,0.0,-38.09,3.36,T,test-only,,table
white1987_10.1016_0021-9614(87)90132-7_t1,WHITE(1987),,Cp_app,350.06,177.5,0.0,6.0568,0.0,3.0284,0.0,0.0,-38.24,3.36,T,test-only,,table
white1987_10.1016_0021-9614(87)90132-7_t1,WHITE(1987),,Cp_app,403.95,178.2,0.0,0.1014,0.0,0.0507,0.0,0.0,-327.47,25.02,T,test-only,,table
white1987_10.1016_0021-9614(87)90132-7_t1,WHITE(1987),,Cp_app,403.95,178.2,0.0,0.1014,0.0,0.0507,0.0,0.0,-271.77,23.9,T,test-only,,table
white1987_10.1016_0021-9614(87)90132-7_t1,WHITE(1987),,Cp_app,403.95,178.2,0.0,0.1014,0.0,0.0507,0.0,0.0,-268.97,23.85,T,test-only,,table
white1987_10.1016_0021-9614(87)90132-7_t1,WHITE(1987),,Cp_app,403.95,178.2,0.0,0.1014,0.0,0.0507,0.0,0.0,-266.16,23.79,T,test-only,,table
white1987_10.1016_0021-9614(87)90132-7_t1,WHITE(1987),,Cp_app,403.95,178.2,0.0,0.2022,0.0,0.1011,0.0,0.0,-240.79,15.01,T,test-only,,table
white1987_10.1016_0021-9614(87)90132-7_t1,WHITE(1987),,Cp_app,403.95,178.2,0.0,0.2022,0.0,0.1011,0.0,0.0,-229.6,14.79,T,test-only,,table
white1987_10.1016_0021-9614(87)90132-7_t1,WHITE(1987),,Cp_app,403.95,178.2,0.0,0.2022,0.0,0.1011,0.0,0.0,-244.97,15.09,T,test-only,,table
white1987_10.1016_0021-9614(87)90132-7_t1,WHITE(1987),,Cp_app,403.95,178.2,0.0,0.2022,0.0,0.1011,0.0,0.0,-217.06,14.54,T,test-only,,table
white1987_10.1016_0021-9614(87)90132-7_t1,WHITE(1987),,Cp_app,403.95,178.2,0.0,0.5018,0.0,0.2509,0.0,0.0,-203.29,9.36,T,test-only,,table
white1987_10.1016_0021-9614(87)90132-7_t1,WHITE(1987),,Cp_app,403.95,178.2,0.0,0.5018,0.0,0.2509,0.0,0.0,-209.44,9.48,T,test-only,,table
white1987_10.1016_0021-9614(87)90132-7_t1,WHITE(1987),,Cp_app,403.95,178.2,0.0,0.5018,0.0,0.2509,0.0,0.0,-198.8,9.27,T,test-only,,table
white1987_10.1016_0021-9614(87)90132-7_t1,WHITE(1987),,Cp_app,403.95,178.2,0.0,1.0034,0.0,0.5017,0.0,0.0,-167.39,7.06,T,test-only,,table
white1987_10.1016_0021-9614(87)90132-7_t1,WHITE(1987),,Cp_app,403.95,178.2,0.0,1.0034,0.0,0.5017,0.0,0.0,-168.43,7.08,T,test-only,,table
white1987_10.1016_0021-9614(87)90132-7_t1,WHITE(1987),,Cp_app,403.95,178.2,0.0,1.0034,0.0,0.5017,0.0,0.0,-175.63,7.22,T,test-only,,table
white1987_10.1016_0021-9614(87)90132-7_t1,WHITE(1987),,Cp_app,403.95,178.2,0.0,1.0034,0.0,0.5017,0.0,0.0,-170.39,7.12,T,test-only,,table
white1987_10.1016_0021-9614(87)90132-7_t1,WHITE(1987),,Cp_app,403.95,178.2,0.0,1.0034,0.0,0.5017,0.0,0.0,-177.62,7.26,T,test-only,,table
white1987_10.1016_0021-9614(87)90132-7_t1,WHITE(1987),,Cp_app,403.95,178.2,0.0,2.0098,0.0,1.0049,0.0,0.0,-127.49,5.56,T,test-only,,table
white1987_10.1016_0021-9614(87)90132-7_t1,WHITE(1987),,Cp_app,403.95,178.2,0.0,2.0098,0.0,1.0049,0.0,0.0,-128.87,5.58,T,test-only,,table
white1987_10.1016_0021-9614(87)90132-7_t1,WHITE(1987),,Cp_app,403.95,178.2,0.0,2.0098,0.0,1.0049,0.0,0.0,-126.93,5.54,T,test-only,,table
white1987_10.1016_0021-9614(87)90132-7_t1,WHITE(1987),,Cp_app,403.95,178.2,0.0,4.008,0.0,2.004,0.0,0.0,-66.54,4.11,T,test-only,,table
white1987_10.1016_0021-9614(87)90132-7_t1,WHITE(1987),,Cp_app,403.95,178.2,0.0,4.008,0.0,2.004,0.0,0.0,-73.65,4.25,T,test-only,,table
white1987_10.1016_0021-9614(87)90132-7_t1,WHITE(1987),,Cp_app,403.95,178.2,0.0,6.0568,0.0,3.0284,0.0,0.0,-24.95,3.28,T,test-only,,table
white1987_10.1016_0021-9614(87)90132-7_t1,WHITE(1987),,Cp_app,403.95,178.2,0.0,6.0568,0.0,3.0284,0.0,0.0,-24.51,3.27,T,test-only,,table
white1987_10.1016_0021-9614(87)90132-7_t1,WHITE(1987),,Cp_app,403.95,178.2,0.0,6.0568,0.0,3.0284,0.0,0.0,-25.68,3.3,T,test-only,,table
white1987_10.1016_0021-9614(87)90132-7_t1,WHITE(1987),,Cp_app,400.99,176.2,0.0,0.1014,0.0,0.0507,0.0,0.0,-215.53,19.42,T,test-only,,table
white1987_10.1016_0021-9614(87)90132-7_t1,WHITE(1987),,Cp_app,400.99,176.2,0.0,0.1014,0.0,0.0507,0.0,0.0,-239.93,19.91,T,test-only,,table
white1987_10.1016_0021-9614(87)90132-7_t1,WHITE(1987),,Cp_app,400.99,176.2,0.0,0.1014,0.0,0.0507,0.0,0.0,-228.8,19.69,T,test-only,,table
white1987_10.1016_0021-9614(87)90132-7_t1,WHITE(1987),,Cp_app,400.99,176.2,0.0,0.5018,0.0,0.2509,0.0,0.0,-193.87,8.48,T,test-only,,table
white1987_10.1016_0021-9614(87)90132-7_t1,WHITE(1987),,Cp_app,400.99,176.2,0.0,0.5018,0.0,0.2509,0.0,0.0,-202.8,8.66,T,test-only,,table
white1987_10.1016_0021-9614(87)90132-7_t1,WHITE(1987),,Cp_app,400.99,176.2,0.0,0.5018,0.0,0.2509,0.0,0.0,-202.35,8.65,T,test-only,,table
white1987_10.1016_0021-9614(87)90132-7_t1,WHITE(1987),,Cp_app,400.99,176.2,0.0,4.008,0.0,2.004,0.0,0.0,-68.27,4.05,T,test-only,,table
white1987_10.1016_0021-9614(87)90132-7_t1,WHITE(1987),,Cp_app,400.99,176.2,0.0,4.008,0.0,2.004,0.0,0.0,-68.84,4.06,T,test-only,,table
white1987_10.1016_0021-9614(87)90132-7_t1,WHITE(1987),,Cp_app,400.99,176.2,0.0,4.008,0.0,2.004,0.0,0.0,-68.18,4.05,T,test-only,,table
white1987_10.1016_0021-9614(87)90132-7_t1,WHITE(1987),,Cp_app,451.18,176.9,0.0,0.1014,0.0,0.0507,0.0,0.0,-308.78,24.73,T,test-only,,table
white1987_10.1016_0021-9614(87)90132-7_t1,WHITE(1987),,Cp_app,451.18,176.9,0.0,0.1014,0.0,0.0507,0.0,0.0,-225.0,23.06,T,test-only,,table
white1987_10.1016_0021-9614(87)90132-7_t1,WHITE(1987),,Cp_app,451.18,176.9,0.0,0.1014,0.0,0.0507,0.0,0.0,-359.05,25.74,T,test-only,,table
white1987_10.1016_0021-9614(87)90132-7_t1,WHITE(1987),,Cp_app,451.18,176.9,0.0,0.2022,0.0,0.1011,0.0,0.0,-344.54,17.15,T,test-only,,table
white1987_10.1016_0021-9614(87)90132-7_t1,WHITE(1987),,Cp_app,451.18,176.9,0.0,0.2022,0.0,0.1011,0.0,0.0,-260.09,15.46,T,test-only,,table
white1987_10.1016_0021-9614(87)90132-7_t1,WHITE(1987),,Cp_app,451.18,176.9,0.0,0.2022,0.0,0.1011,0.0,0.0,-267.06,15.6,T,test-only,,table
white1987_10.1016_0021-9614(87)90132-7_t1,WHITE(1987),,Cp_app,451.18,176.9,0.0,0.5018,0.0,0.2509,0.0,0.0,-264.95,10.64,T,test-only,,table
white1987_10.1016_0021-9614(87)90132-7_t1,WHITE(1987),,Cp_app,451.18,176.9,0.0,0.5018,0.0,0.2509,0.0,0.0,-274.46,10.84,T,test-only,,table
white1987_10.1016_0021-9614(87)90132-7_t1,WHITE(1987),,Cp_app,451.18,176.9,0.0,0.5018,0.0,0.2509,0.0,0.0,-260.57,10.56,T,test-only,,table
white1987_10.1016_0021-9614(87)90132-7_t1,WHITE(1987),,Cp_app,451.18,176.9,0.0,1.0034,0.0,0.5017,0.0,0.0,-214.44,8.05,T,test-only,,table
white1987_10.1016_0021-9614(87)90132-7_t1,WHITE(1987),,Cp_app,451.18,176.9,0.0,1.0034,0.0,0.5017,0.0,0.0,-210.83,7.98,T,test-only,,table
white1987_10.1016_0021-9614(87)90132-7_t1,WHITE(1987),,Cp_app,451.18,176.9,0.0,1.0034,0.0,0.5017,0.0,0.0,-217.76,8.12,T,test-only,,table
white1987_10.1016_0021-9614(87)90132-7_t1,WHITE(1987),,Cp_app,451.18,176.9,0.0,2.0098,0.0,1.0049,0.0,0.0,-151.57,6.09,T,test-only,,table
white1987_10.1016_0021-9614(87)90132-7_t1,WHITE(1987),,Cp_app,451.18,176.9,0.0,2.0098,0.0,1.0049,0.0,0.0,-152.12,6.1,T,test-only,,table
white1987_10.1016_0021-9614(87)90132-7_t1,WHITE(1987),,Cp_app,451.18,176.9,0.0,2.0098,0.0,1.0049,0.0,0.0,-150.88,6.08,T,test-only,,table
white1987_10.1016_0021-9614(87)90132-7_t1,WHITE(1987),,Cp_app,451.18,176.9,0.0,4.008,0.0,2.004,0.0,0.0,-75.75,4.35,T,test-only,,table
white1987_10.1016_0021-9614(87)90132-7_t1,WHITE(1987),,Cp_app,451.18,176.9,0.0,4.008,0.0,2.004,0.0,0.0,-75.81,4.35,T,test-only,,table
white1987_10.1016_0021-9614(87)90132-7_t1,WHITE(1987),,Cp_app,451.18,176.9,0.0,4.008,0.0,2.004,0.0,0.0,-75.54,4.35,T,test-only,,table
white1987_10.1016_0021-9614(87)90132-7_t1,WHITE(1987),,Cp_app,451.18,176.9,0.0,6.0568,0.0,3.0284,0.0,0.0,-27.08,3.39,T,test-only,,table
white1987_10.1016_0021-9614(87)90132-7_t1,WHITE(1987),,Cp_app,451.18,176.9,0.0,6.0568,0.0,3.0284,0.0,0.0,-26.11,3.37,T,test-only,,table
white1987_10.1016_0021-9614(87)90132-7_t1,WHITE(1987),,Cp_app,451.18,176.9,0.0,6.0568,0.0,3.0284,0.0,0.0,-27.0,3.38,T,test-only,,table
white1987_10.1016_0021-9614(87)90132-7_t1,WHITE(1987),,Cp_app,500.92,174.1,0.0,0.1014,0.0,0.0507,0.0,0.0,-523.34,35.46,T,test-only,,table
white1987_10.1016_0021-9614(87)90132-7_t1,WHITE(1987),,Cp_app,500.92,174.1,0.0,0.1014,0.0,0.0507,0.0,0.0,-496.93,34.93,T,test-only,,table
white1987_10.1016_0021-9614(87)90132-7_t1,WHITE(1987),,Cp_app,500.92,174.1,0.0,0.1014,0.0,0.0507,0.0,0.0,-504.52,35.09,T,test-only,,table
white1987_10.1016_0021-9614(87)90132-7_t1,WHITE(1987),,Cp_app,500.92,174.1,0.0,0.2022,0.0,0.1011,0.0,0.0,-454.44,22.63,T,test-only,,table
white1987_10.1016_0021-9614(87)90132-7_t1,WHITE(1987),,Cp_app,500.92,174.1,0.0,0.2022,0.0,0.1011,0.0,0.0,-431.73,22.17,T,test-only,,table
white1987_10.1016_0021-9614(87)90132-7_t1,WHITE(1987),,Cp_app,500.92,174.1,0.0,0.2022,0.0,0.1011,0.0,0.0,-444.93,22.44,T,test-only,,table
white1987_10.1016_0021-9614(87)90132-7_t1,WHITE(1987),,Cp_app,500.92,174.1,0.0,0.5018,0.0,0.2509,0.0,0.0,-359.11,13.91,T,test-only,,table
white1987_10.1016_0021-9614(87)90132-7_t1,WHITE(1987),,Cp_app,500.92,174.1,0.0,0.5018,0.0,0.2509,0.0,0.0,-360.63,13.94,T,test-only,,table
white1987_10.1016_0021-9614(87)90132-7_t1,WHITE(1987),,Cp_app,500.92,174.1,0.0,1.0034,0.0,0.5017,0.0,0.0,-286.43,10.24,T,test-only,,table
white1987_10.1016_0021-9614(87)90132-7_t1,WHITE(1987),,Cp_app,500.92,174.1,0.0,1.0034,0.0,0.5017,0.0,0.0,-293.58,10.38,T,test-only,,table
white1987_10.1016_0021-9614(87)90132-7_t1,WHITE(1987),,Cp_app,500.92,174.1,0.0,1.0034,0.0,0.5017,0.0,0.0,-287.56,10.26,T,test-only,,table
white1987_10.1016_0021-9614(87)90132-7_t1,WHITE(1987),,Cp_app,500.92,174.1,0.0,2.0098,0.0,1.0049,0.0,0.0,-201.75,7.53,T,test-only,,table
white1987_10.1016_0021-9614(87)90132-7_t1,WHITE(1987),,Cp_app,500.92,174.1,0.0,2.0098,0.0,1.0049,0.0,0.0,-200.26,7.5,T,test-only,,table
white1987_10.1016_0021-9614(87)90132-7_t1,WHITE(1987),,Cp_app,500.92,174.1,0.0,4.008,0.0,2.004,0.0,0.0,-106.86,5.26,T,test-only,,table
white1987_10.1016_0021-9614(87)90132-7_t1,WHITE(1987),,Cp_app,500.92,174.1,0.0,4.008,0.0,2.004,0.0,0.0,-108.36,5.29,T,test-only,,table
white1987_10.1016_0021-9614(87)90132-7_t1,WHITE(1987),,Cp_app,500.92,174.1,0.0,4.008,0.0,2.004,0.0,0.0,-108.26,5.29,T,test-only,,table
white1987_10.1016_0021-9614(87)90132-7_t1,WHITE(1987),,Cp_app,500.92,174.1,0.0,6.0568,0.0,3.0284,0.0,0.0,-52.34,4.13,T,test-only,,table
white1987_10.1016_0021-9614(87)90132-7_t1,WHITE(1987),,Cp_app,500.92,174.1,0.0,6.0568,0.0,3.0284,0.0,0.0,-51.96,4.12,T,test-only,,table
white1987_10.1016_0021-9614(87)90132-7_t1,WHITE(1987),,Cp_app,500.92,174.1,0.0,6.0568,0.0,3.0284,0.0,0.0,-52.6,4.13,T,test-only,,table
white1987_10.1016_0021-9614(87)90132-7_t1,WHITE(1987),,Cp_app,551.88,174.1,0.0,0.1014,0.0,0.0507,0.0,0.0,-790.68,53.94,T,test-only,,table
white1987_10.1016_0021-9614(87)90132-7_t1,WHITE(1987),,Cp_app,551.88,174.1,0.0,0.1014,0.0,0.0507,0.0,0.0,-754.13,53.21,T,test-only,,table
white1987_10.1016_0021-9614(87)90132-7_t1,WHITE(1987),,Cp_app,551.88,174.1,0.0,0.1014,0.0,0.0507,0.0,0.0,-814.95,54.42,T,test-only,,table
white1987_10.1016_0021-9614(87)90132-7_t1,WHITE(1987),,Cp_app,551.88,174.1,0.0,0.2022,0.0,0.1011,0.0,0.0,-734.0,34.91,T,test-only,,table
white1987_10.1016_0021-9614(87)90132-7_t1,WHITE(1987),,Cp_app,551.88,174.1,0.0,0.2022,0.0,0.1011,0.0,0.0,-761.3,35.46,T,test-only,,table
white1987_10.1016_0021-9614(87)90132-7_t1,WHITE(1987),,Cp_app,551.88,174.1,0.0,0.2022,0.0,0.1011,0.0,0.0,-749.18,35.22,T,test-only,,table
white1987_10.1016_0021-9614(87)90132-7_t1,WHITE(1987),,Cp_app,551.88,174.1,0.0,0.5018,0.0,0.2509,0.0,0.0,-612.39,21.81,T,test-only,,table
white1987_10.1016_0021-9614(87)90132-7_t1,WHITE(1987),,Cp_app,551.88,174.1,0.0,0.5018,0.0,0.2509,0.0,0.0,-613.6,21.84,T,test-only,,table
white1987_10.1016_0021-9614(87)90132-7_t1,WHITE(1987),,Cp_app,551.88,174.1,0.0,0.5018,0.0,0.2509,0.0,0.0,-611.18,21.79,T,test-only,,table
white1987_10.1016_0021-9614(87)90132-7_t1,WHITE(1987),,Cp_app,551.88,174.1,0.0,1.0034,0.0,0.5017,0.0,0.0,-485.03,15.75,T,test-only,,table
white1987_10.1016_0021-9614(87)90132-7_t1,WHITE(1987),,Cp_app,551.88,174.1,0.0,1.0034,0.0,0.5017,0.0,0.0,-478.43,15.62,T,test-only,,table
white1987_10.1016_0021-9614(87)90132-7_t1,WHITE(1987),,Cp_app,551.88,174.1,0.0,1.0034,0.0,0.5017,0.0,0.0,-494.0,15.93,T,test-only,,table
white1987_10.1016_0021-9614(87)90132-7_t1,WHITE(1987),,Cp_app,551.88,174.1,0.0,2.0098,0.0,1.0049,0.0,0.0,-348.88,11.38,T,test-only,,table
white1987_10.1016_0021-9614(87)90132-7_t1,WHITE(1987),,Cp_app,551.88,174.1,0.0,2.0098,0.0,1.0049,0.0,0.0,-351.52,11.43,T,test-only,,table
white1987_10.1016_0021-9614(87)90132-7_t1,WHITE(1987),,Cp_app,551.88,174.1,0.0,2.0098,0.0,1.0049,0.0,0.0,-350.06,11.4,T,test-only,,table
white1987_10.1016_0021-9614(87)90132-7_t1,WHITE(1987),,Cp_app,551.88,174.1,0.0,4.008,0.0,2.004,0.0,0.0,-221.52,8.16,T,test-only,,table
white1987_10.1016_0021-9614(87)90132-7_t1,WHITE(1987),,Cp_app,551.88,174.1,0.0,4.008,0.0,2.004,0.0,0.0,-222.54,8.18,T,test-only,,table
white1987_10.1016_0021-9614(87)90132-7_t1,WHITE(1987),,Cp_app,551.88,174.1,0.0,4.008,0.0,2.004,0.0,0.0,-223.13,8.19,T,test-only,,table
white1987_10.1016_0021-9614(87)90132-7_t1,WHITE(1987),,Cp_app,551.88,174.1,0.0,6.0568,0.0,3.0284,0.0,0.0,-147.81,6.55,T,test-only,,table
white1987_10.1016_0021-9614(87)90132-7_t1,WHITE(1987),,Cp_app,551.88,174.1,0.0,6.0568,0.0,3.0284,0.0,0.0,-147.61,6.55,T,test-only,,table
white1987_10.1016_0021-9614(87)90132-7_t1,WHITE(1987),,Cp_app,551.88,174.1,0.0,6.0568,0.0,3.0284,0.0,0.0,-147.9,6.55,T,test-only,,table
white1987_10.1016_0021-9614(87)90132-7_t1,WHITE(1987),,Cp_app,577.89,174.8,0.0,0.1014,0.0,0.0507,0.0,0.0,-1156.35,78.12,T,test-only,,table
white1987_10.1016_0021-9614(87)90132-7_t1,WHITE(1987),,Cp_app,577.89,174.8,0.0,0.1014,0.0,0.0507,0.0,0.0,-1259.41,80.18,T,test-only,,table
white1987_10.1016_0021-9614(87)90132-7_t1,WHITE(1987),,Cp_app,577.89,174.8,0.0,0.1014,0.0,0.0507,0.0,0.0,-1320.16,81.39,T,test-only,,table
white1987_10.1016_0021-9614(87)90132-7_t1,WHITE(1987),,Cp_app,577.89,174.8,0.0,0.2022,0.0,0.1011,0.0,0.0,-1226.0,53.33,T,test-only,,table
white1987_10.1016_0021-9614(87)90132-7_t1,WHITE(1987),,Cp_app,577.89,174.8,0.0,0.2022,0.0,0.1011,0.0,0.0,-1354.32,55.89,T,test-only,,table
white1987_10.1016_0021-9614(87)90132-7_t1,WHITE(1987),,Cp_app,577.89,174.8,0.0,0.2022,0.0,0.1011,0.0,0.0,-1241.95,53.65,T,test-only,,table
white1987_10.1016_0021-9614(87)90132-7_t1,WHITE(1987),,Cp_app,577.89,174.8,0.0,0.5018,0.0,0.2509,0.0,0.0,-972.37,32.61,T,test-only,,table
white1987_10.1016_0021-9614(87)90132-7_t1,WHITE(1987),,Cp_app,577.89,174.8,0.0,0.5018,0.0,0.2509,0.0,0.0,-955.14,32.27,T,test-only,,table
white1987_10.1016_0021-9614(87)90132-7_t1,WHITE(1987),,Cp_app,577.89,174.8,0.0,0.5018,0.0,0.2509,0.0,0.0,-968.93,32.55,T,test-only,,table
white1987_10.1016_0021-9614(87)90132-7_t1,WHITE(1987),,Cp_app,577.89,174.8,0.0,1.0034,0.0,0.5017,0.0,0.0,-786.52,23.72,T,test-only,,table
white1987_10.1016_0021-9614(87)90132-7_t1,WHITE(1987),,Cp_app,577.89,174.8,0.0,1.0034,0.0,0.5017,0.0,0.0,-782.29,23.63,T,test-only,,table
white1987_10.1016_0021-9614(87)90132-7_t1,WHITE(1987),,Cp_app,577.89,174.8,0.0,1.0034,0.0,0.5017,0.0,0.0,-790.75,23.8,T,test-only,,table
white1987_10.1016_0021-9614(87)90132-7_t1,WHITE(1987),,Cp_app,577.86,174.8,0.0,2.0098,0.0,1.0049,0.0,0.0,-578.91,20.78,T,test-only,,table
white1987_10.1016_0021-9614(87)90132-7_t1,WHITE(1987),,Cp_app,577.86,174.8,0.0,2.0098,0.0,1.0049,0.0,0.0,-603.71,21.28,T,test-only,,table
white1987_10.1016_0021-9614(87)90132-7_t1,WHITE(1987),,Cp_app,577.86,174.8,0.0,2.0098,0.0,1.0049,0.0,0.0,-624.41,21.69,T,test-only,,table
white1987_10.1016_0021-9614(87)90132-7_t1,WHITE(1987),,Cp_app,577.86,174.8,0.0,4.008,0.0,2.004,0.0,0.0,-426.75,14.88,T,test-only,,table
white1987_10.1016_0021-9614(87)90132-7_t1,WHITE(1987),,Cp_app,577.86,174.8,0.0,4.008,0.0,2.004,0.0,0.0,-431.54,14.98,T,test-only,,table
white1987_10.1016_0021-9614(87)90132-7_t1,WHITE(1987),,Cp_app,577.86,174.8,0.0,4.008,0.0,2.004,0.0,0.0,-433.46,15.02,T,test-only,,table
white1987_10.1016_0021-9614(87)90132-7_t1,WHITE(1987),,Cp_app,577.86,174.8,0.0,6.0568,0.0,3.0284,0.0,0.0,-296.59,11.42,T,test-only,,table
white1987_10.1016_0021-9614(87)90132-7_t1,WHITE(1987),,Cp_app,577.86,174.8,0.0,6.0568,0.0,3.0284,0.0,0.0,-311.55,11.72,T,test-only,,table
white1987_10.1016_0021-9614(87)90132-7_t1,WHITE(1987),,Cp_app,577.86,174.8,0.0,6.0568,0.0,3.0284,0.0,0.0,-318.18,11.85,T,test-only,,table
white1987_10.1016_0021-9614(87)90132-7_t1,WHITE(1987),,Cp_app,602.68,175.5,0.0,0.1014,0.0,0.0507,0.0,0.0,-2810.95,155.39,T,test-only,,table
white1987_10.1016_0021-9614(87)90132-7_t1,WHITE(1987),,Cp_app,602.68,175.5,0.0,0.1014,0.0,0.0507,0.0,0.0,-2610.65,151.39,T,test-only,,table
white1987_10.1016_0021-9614(87)90132-7_t1,WHITE(1987),,Cp_app,602.68,175.5,0.0,0.1014,0.0,0.0507,0.0,0.0,-2674.96,152.67,T,test-only,,table
white1987_10.1016_0021-9614(87)90132-7_t1,WHITE(1987),,Cp_app,602.68,175.5,0.0,0.2022,0.0,0.1011,0.0,0.0,-2362.67,98.46,T,test-only,,table
white1987_10.1016_0021-9614(87)90132-7_t1,WHITE(1987),,Cp_app,602.68,175.5,0.0,0.2022,0.0,0.1011,0.0,0.0,-2326.41,97.73,T,test-only,,table
white1987_10.1016_0021-9614(87)90132-7_t1,WHITE(1987),,Cp_app,602.68,175.5,0.0,0.2022,0.0,0.1011,0.0,0.0,-2310.55,97.41,T,test-only,,table
white1987_10.1016_0021-9614(87)90132-7_t1,WHITE(1987),,Cp_app,602.68,175.5,0.0,0.5018,0.0,0.2509,0.0,0.0,-1881.59,60.13,T,test-only,,table
white1987_10.1016_0021-9614(87)90132-7_t1,WHITE(1987),,Cp_app,602.68,175.5,0.0,0.5018,0.0,0.2509,0.0,0.0,-1837.57,59.25,T,test-only,,table
white1987_10.1016_0021-9614(87)90132-7_t1,WHITE(1987),,Cp_app,602.68,175.5,0.0,0.5018,0.0,0.2509,0.0,0.0,-1859.58,59.69,T,test-only,,table
white1987_10.1016_0021-9614(87)90132-7_t1,WHITE(1987),,Cp_app,602.68,175.5,0.0,1.0034,0.0,0.5017,0.0,0.0,-1477.48,42.47,T,test-only,,table
white1987_10.1016_0021-9614(87)90132-7_t1,WHITE(1987),,Cp_app,602.68,175.5,0.0,1.0034,0.0,0.5017,0.0,0.0,-1499.81,42.92,T,test-only,,table
white1987_10.1016_0021-9614(87)90132-7_t1,WHITE(1987),,Cp_app,602.68,175.5,0.0,1.0034,0.0,0.5017,0.0,0.0,-1472.22,42.37,T,test-only,,table
white1987_10.1016_0021-9614(87)90132-7_t1,WHITE(1987),,Cp_app,602.68,175.5,0.0,2.0098,0.0,1.0049,0.0,0.0,-1098.47,30.24,T,test-only,,table
white1987_10.1016_0021-9614(87)90132-7_t1,WHITE(1987),,Cp_app,602.68,175.5,0.0,2.0098,0.0,1.0049,0.0,0.0,-1094.77,30.17,T,test-only,,table
white1987_10.1016_0021-9614(87)90132-7_t1,WHITE(1987),,Cp_app,602.68,175.5,0.0,2.0098,0.0,1.0049,0.0,0.0,-1090.4,30.08,T,test-only,,table
white1987_10.1016_0021-9614(87)90132-7_t1,WHITE(1987),,Cp_app,602.68,175.5,0.0,2.0098,0.0,1.0049,0.0,0.0,-1096.29,30.2,T,test-only,,table
white1987_10.1016_0021-9614(87)90132-7_t1,WHITE(1987),,Cp_app,602.68,175.5,0.0,4.008,0.0,2.004,0.0,0.0,-720.34,20.56,T,test-only,,table
white1987_10.1016_0021-9614(87)90132-7_t1,WHITE(1987),,Cp_app,602.68,175.5,0.0,4.008,0.0,2.004,0.0,0.0,-721.38,20.58,T,test-only,,table
white1987_10.1016_0021-9614(87)90132-7_t1,WHITE(1987),,Cp_app,602.68,175.5,0.0,4.008,0.0,2.004,0.0,0.0,-727.79,20.7,T,test-only,,table
white1987_10.1016_0021-9614(87)90132-7_t1,WHITE(1987),,Cp_app,602.68,175.5,0.0,6.0568,0.0,3.0284,0.0,0.0,-522.1,16.0,T,test-only,,table
white1987_10.1016_0021-9614(87)90132-7_t1,WHITE(1987),,Cp_app,602.68,175.5,0.0,6.0568,0.0,3.0284,0.0,0.0,-534.94,16.26,T,test-only,,table
white1987_10.1016_0021-9614(87)90132-7_t1,WHITE(1987),,Cp_app,602.68,175.5,0.0,6.0568,0.0,3.0284,0.0,0.0,-534.71,16.25,T,test-only,,table
rogers1981_10.1021_j150620a008_t1,ROGERS(1981),,Cp_app,304.62,1.01,0.1056,0.0,0.0,0.0,0.0,0.0528,-116.0,,T,test-only,,table
rogers1981_10.1021_j150620a008_t1,ROGERS(1981),,Cp_app,304.62,1.01,0.1056,0.0,0.0,0.0,0.0,0.0528,-126.0,,T,test-only,,table
rogers1981_10.1021_j150620a008_t1,ROGERS(1981),,Cp_app,304.62,1.01,0.199,0.0,0.0,0.0,0.0,0.0995,-108.0,,T,test-only,,table
rogers1981_10.1021_j150620a008_t1,ROGERS(1981),,Cp_app,304.62,1.01,0.4982,0.0,0.0,0.0,0.0,0.2491,-68.3,,T,test-only,,table
rogers1981_10.1021_j150620a008_t1,ROGERS(1981),,Cp_app,304.62,1.01,0.9972,0.0,0.0,0.0,0.0,0.4986,-15.2,,T,test-only,,table
rogers1981_10.1021_j150620a008_t1,ROGERS(1981),,Cp_app,304.62,1.01,1.4972,0.0,0.0,0.0,0.0,0.7486,22.0,,T,test-only,,table
rogers1981_10.1021_j150620a008_t1,ROGERS(1981),,Cp_app,304.62,1.01,1.999,0.0,0.0,0.0,0.0,0.9995,51.4,,T,test-only,,table
rogers1981_10.1021_j150620a008_t1,ROGERS(1981),,Cp_app,304.62,1.01,3.8814,0.0,0.0,0.0,0.0,1.9407,103.7,,T,test-only,,table
rogers1981_10.1021_j150620a008_t1,ROGERS(1981),,Cp_app,324.0,1.01,0.1,0.0,0.0,0.0,0.0,0.05,-111.0,,T,test-only,,table
rogers1981_10.1021_j150620a008_t1,ROGERS(1981),,Cp_app,324.0,1.01,0.2184,0.0,0.0,0.0,0.0,0.1092,-68.3,,T,test-only,,table
rogers1981_10.1021_j150620a008_t1,ROGERS(1981),,Cp_app,324.0,1.01,0.5664,0.0,0.0,0.0,0.0,0.2832,-22.9,,T,test-only,,table
rogers1981_10.1021_j150620a008_t1,ROGERS(1981),,Cp_app,324.0,1.01,0.5664,0.0,0.0,0.0,0.0,0.2832,-19.6,,T,test-only,,table
rogers1981_10.1021_j150620a008_t1,ROGERS(1981),,Cp_app,324.0,1.01,0.999,0.0,0.0,0.0,0.0,0.4995,7.6,,T,test-only,,table
rogers1981_10.1021_j150620a008_t1,ROGERS(1981),,Cp_app,324.0,1.01,0.999,0.0,0.0,0.0,0.0,0.4995,11.9,,T,test-only,,table
rogers1981_10.1021_j150620a008_t1,ROGERS(1981),,Cp_app,324.0,1.01,1.4974,0.0,0.0,0.0,0.0,0.7487,39.8,,T,test-only,,table
rogers1981_10.1021_j150620a008_t1,ROGERS(1981),,Cp_app,324.0,1.01,2.0178,0.0,0.0,0.0,0.0,1.0089,64.8,,T,test-only,,table
rogers1981_10.1021_j150620a008_t1,ROGERS(1981),,Cp_app,324.0,1.01,2.886,0.0,0.0,0.0,0.0,1.443,98.3,,T,test-only,,table
rogers1981_10.1021_j150620a008_t1,ROGERS(1981),,Cp_app,324.0,1.01,4.0788,0.0,0.0,0.0,0.0,2.0394,133.1,,T,test-only,,table
rogers1981_10.1021_j150620a008_t1,ROGERS(1981),,Cp_app,349.18,1.01,0.1,0.0,0.0,0.0,0.0,0.05,-73.0,,T,test-only,,table
rogers1981_10.1021_j150620a008_t1,ROGERS(1981),,Cp_app,349.18,1.01,0.2184,0.0,0.0,0.0,0.0,0.1092,-54.0,,T,test-only,,table
rogers1981_10.1021_j150620a008_t1,ROGERS(1981),,Cp_app,349.18,1.01,0.5664,0.0,0.0,0.0,0.0,0.2832,-9.4,,T,test-only,,table
rogers1981_10.1021_j150620a008_t1,ROGERS(1981),,Cp_app,349.18,1.01,0.999,0.0,0.0,0.0,0.0,0.4995,21.4,,T,test-only,,table
rogers1981_10.1021_j150620a008_t1,ROGERS(1981),,Cp_app,349.18,1.01,1.4974,0.0,0.0,0.0,0.0,0.7487,45.8,,T,test-only,,table
rogers1981_10.1021_j150620a008_t1,ROGERS(1981),,Cp_app,349.18,1.01,2.0178,0.0,0.0,0.0,0.0,1.0089,68.4,,T,test-only,,table
rogers1981_10.1021_j150620a008_t1,ROGERS(1981),,Cp_app,349.18,1.01,2.886,0.0,0.0,0.0,0.0,1.443,100.8,,T,test-only,,table
rogers1981_10.1021_j150620a008_t1,ROGERS(1981),,Cp_app,349.18,1.01,4.0788,0.0,0.0,0.0,0.0,2.0394,108.0,,T,test-only,,table
rogers1981_10.1021_j150620a008_t1,ROGERS(1981),,Cp_app,413.9,3.69,0.1056,0.0,0.0,0.0,0.0,0.0528,-137.0,,T,test-only,,table
rogers1981_10.1021_j150620a008_t1,ROGERS(1981),,Cp_app,413.9,3.69,0.199,0.0,0.0,0.0,0.0,0.0995,-105.0,,T,test-only,,table
rogers1981_10.1021_j150620a008_t1,ROGERS(1981),,Cp_app,413.9,3.69,0.4982,0.0,0.0,0.0,0.0,0.2491,-61.1,,T,test-only,,table
rogers1981_10.1021_j150620a008_t1,ROGERS(1981),,Cp_app,413.9,3.69,0.9972,0.0,0.0,0.0,0.0,0.4986,-24.4,,T,test-only,,table
rogers1981_10.1021_j150620a008_t1,ROGERS(1981),,Cp_app,413.9,3.69,1.4972,0.0,0.0,0.0,0.0,0.7486,6.3,,T,test-only,,table
rogers1981_10.1021_j150620a008_t1,ROGERS(1981),,Cp_app,413.9,3.69,1.999,0.0,0.0,0.0,0.0,0.9995,27.7,,T,test-only,,table
rogers1981_10.1021_j150620a008_t1,ROGERS(1981),,Cp_app,413.9,3.69,3.8814,0.0,0.0,0.0,0.0,1.9407,83.6,,T,test-only,,table
rogers1981_10.1021_j150620a008_t1,ROGERS(1981),,Cp_app,413.9,3.69,5.2588,0.0,0.0,0.0,0.0,2.6294,120.2,,T,test-only,,table
rogers1981_10.1021_j150620a008_t1,ROGERS(1981),,Cp_app,450.41,9.4,0.1056,0.0,0.0,0.0,0.0,0.0528,-215.0,,T,test-only,,table
rogers1981_10.1021_j150620a008_t1,ROGERS(1981),,Cp_app,450.41,9.4,0.199,0.0,0.0,0.0,0.0,0.0995,-203.0,,T,test-only,,table
rogers1981_10.1021_j150620a008_t1,ROGERS(1981),,Cp_app,450.41,9.4,0.4982,0.0,0.0,0.0,0.0,0.2491,-131.0,,T,test-only,,table
rogers1981_10.1021_j150620a008_t1,ROGERS(1981),,Cp_app,450.41,9.4,0.9972,0.0,0.0,0.0,0.0,0.4986,-78.2,,T,test-only,,table
rogers1981_10.1021_j150620a008_t1,ROGERS(1981),,Cp_app,450.41,9.4,1.4972,0.0,0.0,0.0,0.0,0.7486,-43.5,,T,test-only,,table
rogers1981_10.1021_j150620a008_t1,ROGERS(1981),,Cp_app,450.41,9.4,1.999,0.0,0.0,0.0,0.0,0.9995,-17.9,,T,test-only,,table
rogers1981_10.1021_j150620a008_t1,ROGERS(1981),,Cp_app,450.41,9.4,3.8814,0.0,0.0,0.0,0.0,1.9407,46.6,,T,test-only,,table
rogers1981_10.1021_j150620a008_t1,ROGERS(1981),,Cp_app,474.68,16.04,0.1056,0.0,0.0,0.0,0.0,0.0528,-348.0,,T,test-only,,table
rogers1981_10.1021_j150620a008_t1,ROGERS(1981),,Cp_app,474.68,16.04,0.199,0.0,0.0,0.0,0.0,0.0995,-289.0,,T,test-only,,table
rogers1981_10.1021_j150620a008_t1,ROGERS(1981),,Cp_app,474.68,16.04,0.4982,0.0,0.0,0.0,0.0,0.2491,-198.0,,T,test-only,,table
rogers1981_10.1021_j150620a008_t1,ROGERS(1981),,Cp_app,323.81,200.0,0.1056,0.0,0.0,0.0,0.0,0.0528,-51.0,,T,test-only,,table
rogers1981_10.1021_j150620a008_t1,ROGERS(1981),,Cp_app,323.81,200.0,0.199,0.0,0.0,0.0,0.0,0.0995,-34.0,,T,test-only,,table
rogers1981_10.1021_j150620a008_t1,ROGERS(1981),,Cp_app,323.81,200.0,0.199,0.0,0.0,0.0,0.0,0.0995,-42.0,,T,test-only,,table
rogers1981_10.1021_j150620a008_t1,ROGERS(1981),,Cp_app,323.81,200.0,0.4982,0.0,0.0,0.0,0.0,0.2491,-2.0,,T,test-only,,table
rogers1981_10.1021_j150620a008_t1,ROGERS(1981),,Cp_app,323.81,200.0,0.4982,0.0,0.0,0.0,0.0,0.2491,-5.4,,T,test-only,,table
rogers1981_10.1021_j150620a008_t1,ROGERS(1981),,Cp_app,323.81,200.0,0.9972,0.0,0.0,0.0,0.0,0.4986,34.9,,T,test-only,,table
rogers1981_10.1021_j150620a008_t1,ROGERS(1981),,Cp_app,323.81,200.0,1.4972,0.0,0.0,0.0,0.0,0.7486,62.7,,T,test-only,,table
rogers1981_10.1021_j150620a008_t1,ROGERS(1981),,Cp_app,323.81,200.0,1.999,0.0,0.0,0.0,0.0,0.9995,84.7,,T,test-only,,table
rogers1981_10.1021_j150620a008_t1,ROGERS(1981),,Cp_app,323.81,200.0,3.8814,0.0,0.0,0.0,0.0,1.9407,104.0,,T,test-only,,table
rogers1981_10.1021_j150620a008_t1,ROGERS(1981),,Cp_app,414.2,200.0,0.1056,0.0,0.0,0.0,0.0,0.0528,-108.0,,T,test-only,,table
rogers1981_10.1021_j150620a008_t1,ROGERS(1981),,Cp_app,414.2,200.0,0.199,0.0,0.0,0.0,0.0,0.0995,-85.0,,T,test-only,,table
rogers1981_10.1021_j150620a008_t1,ROGERS(1981),,Cp_app,414.2,200.0,0.4982,0.0,0.0,0.0,0.0,0.2491,-38.0,,T,test-only,,table
rogers1981_10.1021_j150620a008_t1,ROGERS(1981),,Cp_app,414.2,200.0,0.9972,0.0,0.0,0.0,0.0,0.4986,1.5,,T,test-only,,table
rogers1981_10.1021_j150620a008_t1,ROGERS(1981),,Cp_app,414.2,200.0,1.4972,0.0,0.0,0.0,0.0,0.7486,26.7,,T,test-only,,table
rogers1981_10.1021_j150620a008_t1,ROGERS(1981),,Cp_app,414.2,200.0,1.999,0.0,0.0,0.0,0.0,0.9995,47.1,,T,test-only,,table
rogers1981_10.1021_j150620a008_t1,ROGERS(1981),,Cp_app,414.2,200.0,3.8814,0.0,0.0,0.0,0.0,1.9407,97.8,,T,test-only,,table
randall1929_10.1021_ja01377a001_t1,RANDALL(1929),,Cp_app,298.15,,0.0405,0.0405,0.0,0.0,0.0,0.0,-92.4222,,T,test-only,pressure-unstated,table
randall1929_10.1021_ja01377a001_t1,RANDALL(1929),,Cp_app,298.15,,0.0812,0.0812,0.0,0.0,0.0,0.0,-78.6216,,T,test-only,pressure-unstated,table
randall1929_10.1021_ja01377a001_t1,RANDALL(1929),,Cp_app,298.15,,0.1622,0.1622,0.0,0.0,0.0,0.0,-75.276,,T,test-only,pressure-unstated,table
randall1929_10.1021_ja01377a001_t1,RANDALL(1929),,Cp_app,298.15,,0.2433,0.2433,0.0,0.0,0.0,0.0,-69.8394,,T,test-only,pressure-unstated,table
randall1929_10.1021_ja01377a001_t1,RANDALL(1929),,Cp_app,298.15,,0.3445,0.3445,0.0,0.0,0.0,0.0,-64.1937,,T,test-only,pressure-unstated,table
randall1929_10.1021_ja01377a001_t1,RANDALL(1929),,Cp_app,298.15,,0.4458,0.4458,0.0,0.0,0.0,0.0,-59.5935,,T,test-only,pressure-unstated,table
randall1929_10.1021_ja01377a001_t1,RANDALL(1929),,Cp_app,298.15,,0.5671,0.5671,0.0,0.0,0.0,0.0,-53.82234,,T,test-only,pressure-unstated,table
randall1929_10.1021_ja01377a001_t1,RANDALL(1929),,Cp_app,298.15,,0.6886,0.6886,0.0,0.0,0.0,0.0,-49.7658,,T,test-only,pressure-unstated,table
randall1929_10.1021_ja01377a001_t1,RANDALL(1929),,Cp_app,298.15,,0.81,0.81,0.0,0.0,0.0,0.0,-46.50384,,T,test-only,pressure-unstated,table
randall1929_10.1021_ja01377a001_t1,RANDALL(1929),,Cp_app,298.15,,0.972,0.972,0.0,0.0,0.0,0.0,-40.60722,,T,test-only,pressure-unstated,table
randall1929_10.1021_ja01377a001_t1,RANDALL(1929),,Cp_app,298.15,,1.134,1.134,0.0,0.0,0.0,0.0,-35.83974,,T,test-only,pressure-unstated,table
randall1929_10.1021_ja01377a001_t1,RANDALL(1929),,Cp_app,298.15,,1.2958,1.2958,0.0,0.0,0.0,0.0,-31.9923,,T,test-only,pressure-unstated,table
randall1929_10.1021_ja01377a001_t1,RANDALL(1929),,Cp_app,298.15,,1.458,1.458,0.0,0.0,0.0,0.0,-27.55938,,T,test-only,pressure-unstated,table
randall1929_10.1021_ja01377a001_t1,RANDALL(1929),,Cp_app,298.15,,1.6607,1.6607,0.0,0.0,0.0,0.0,-22.45734,,T,test-only,pressure-unstated,table
randall1929_10.1021_ja01377a001_t1,RANDALL(1929),,Cp_app,298.15,,1.8634,1.8634,0.0,0.0,0.0,0.0,-17.94078,,T,test-only,pressure-unstated,table
randall1929_10.1021_ja01377a001_t1,RANDALL(1929),,Cp_app,298.15,,2.066,2.066,0.0,0.0,0.0,0.0,-13.13148,,T,test-only,pressure-unstated,table
randall1929_10.1021_ja01377a001_t1,RANDALL(1929),,Cp_app,298.15,,2.2687,2.2687,0.0,0.0,0.0,0.0,-9.32586,,T,test-only,pressure-unstated,table
randall1929_10.1021_ja01377a001_t1,RANDALL(1929),,Cp_app,298.15,,1.8613,1.8613,0.0,0.0,0.0,0.0,-17.18802,,T,test-only,pressure-unstated,table
randall1929_10.1021_ja01377a001_t1,RANDALL(1929),,Cp_app,298.15,,2.2961,2.2961,0.0,0.0,0.0,0.0,-8.28036,,T,test-only,pressure-unstated,table
saluja1987_10.1021_je00047a021_t1,SALUJA(1987),,Cp_app,298.15,6.0,0.0,0.21688,0.0,0.0,0.10844,0.0,-224.6,,T,test-only,,table
saluja1987_10.1021_je00047a021_t1,SALUJA(1987),,Cp_app,298.15,6.0,0.0,0.39422,0.0,0.0,0.19711,0.0,-216.7,,T,test-only,,table
saluja1987_10.1021_je00047a021_t1,SALUJA(1987),,Cp_app,298.15,6.0,0.0,0.56372,0.0,0.0,0.28186,0.0,-208.4,,T,test-only,,table
saluja1987_10.1021_je00047a021_t1,SALUJA(1987),,Cp_app,298.15,6.0,0.0,0.77684,0.0,0.0,0.38842,0.0,-201.8,,T,test-only,,table
saluja1987_10.1021_je00047a021_t1,SALUJA(1987),,Cp_app,298.15,6.0,0.0,1.0555,0.0,0.0,0.52775,0.0,-193.6,,T,test-only,,table
saluja1987_10.1021_je00047a021_t1,SALUJA(1987),,Cp_app,323.15,6.0,0.0,0.21688,0.0,0.0,0.10844,0.0,-198.4,,T,test-only,,table
saluja1987_10.1021_je00047a021_t1,SALUJA(1987),,Cp_app,323.15,6.0,0.0,0.39422,0.0,0.0,0.19711,0.0,-189.2,,T,test-only,,table
saluja1987_10.1021_je00047a021_t1,SALUJA(1987),,Cp_app,323.15,6.0,0.0,0.56372,0.0,0.0,0.28186,0.0,-181.7,,T,test-only,,table
saluja1987_10.1021_je00047a021_t1,SALUJA(1987),,Cp_app,323.15,6.0,0.0,0.77684,0.0,0.0,0.38842,0.0,-175.0,,T,test-only,,table
saluja1987_10.1021_je00047a021_t1,SALUJA(1987),,Cp_app,323.15,6.0,0.0,1.0555,0.0,0.0,0.52775,0.0,-165.9,,T,test-only,,table
saluja1987_10.1021_je00047a021_t1,SALUJA(1987),,Cp_app,348.15,6.0,0.0,0.21688,0.0,0.0,0.10844,0.0,-205.6,,T,test-only,,table
saluja1987_10.1021_je00047a021_t1,SALUJA(1987),,Cp_app,348.15,6.0,0.0,0.39422,0.0,0.0,0.19711,0.0,-192.7,,T,test-only,,table
saluja1987_10.1021_je00047a021_t1,SALUJA(1987),,Cp_app,348.15,6.0,0.0,0.56372,0.0,0.0,0.28186,0.0,-184.9,,T,test-only,,table
saluja1987_10.1021_je00047a021_t1,SALUJA(1987),,Cp_app,348.15,6.0,0.0,0.77684,0.0,0.0,0.38842,0.0,-177.6,,T,test-only,,table
saluja1987_10.1021_je00047a021_t1,SALUJA(1987),,Cp_app,348.15,6.0,0.0,1.0555,0.0,0.0,0.52775,0.0,-172.3,,T,test-only,,table
saluja1987_10.1021_je00047a021_t1,SALUJA(1987),,Cp_app,373.15,6.0,0.0,0.21688,0.0,0.0,0.10844,0.0,-233.2,,T,test-only,,table
saluja1987_10.1021_je00047a021_t1,SALUJA(1987),,Cp_app,373.15,6.0,0.0,0.39422,0.0,0.0,0.19711,0.0,-217.4,,T,test-only,,table
saluja1987_10.1021_je00047a021_t1,SALUJA(1987),,Cp_app,373.15,6.0,0.0,0.56372,0.0,0.0,0.28186,0.0,-208.6,,T,test-only,,table
saluja1987_10.1021_je00047a021_t1,SALUJA(1987),,Cp_app,373.15,6.0,0.0,0.77684,0.0,0.0,0.38842,0.0,-199.1,,T,test-only,,table
saluja1987_10.1021_je00047a021_t1,SALUJA(1987),,Cp_app,373.15,6.0,0.0,1.0555,0.0,0.0,0.52775,0.0,-188.0,,T,test-only,,table
saluja1987_10.1021_je00047a021_t1,SALUJA(1987),,Cp_app,298.15,6.0,0.0,0.05952,0.0,0.02976,0.0,0.0,-240.9,,T,test-only,,table
saluja1987_10.1021_je00047a021_t1,SALUJA(1987),,Cp_app,298.15,6.0,0.0,0.1988,0.0,0.0994,0.0,0.0,-230.0,,T,test-only,,table
saluja1987_10.1021_je00047a021_t1,SALUJA(1987),,Cp_app,298.15,6.0,0.0,0.20426,0.0,0.10213,0.0,0.0,-225.5,,T,test-only,,table
saluja1987_10.1021_je00047a021_t1,SALUJA(1987),,Cp_app,298.15,6.0,0.0,0.39538,0.0,0.19769,0.0,0.0,-214.5,,T,test-only,,table
saluja1987_10.1021_je00047a021_t1,SALUJA(1987),,Cp_app,298.15,6.0,0.0,0.42502,0.0,0.21251,0.0,0.0,-214.7,,T,test-only,,table
saluja1987_10.1021_je00047a021_t1,SALUJA(1987),,Cp_app,298.15,6.0,0.0,0.85082,0.0,0.42541,0.0,0.0,-198.5,,T,test-only,,table
saluja1987_10.1021_je00047a021_t1,SALUJA(1987),,Cp_app,298.15,6.0,0.0,1.33226,0.0,0.66613,0.0,0.0,-181.3,,T,test-only,,table
saluja1987_10.1021_je00047a021_t1,SALUJA(1987),,Cp_app,298.15,6.0,0.0,1.7607,0.0,0.88035,0.0,0.0,-168.6,,T,test-only,,table
saluja1987_10.1021_je00047a021_t1,SALUJA(1987),,Cp_app,323.15,6.0,0.0,0.05952,0.0,0.02976,0.0,0.0,-203.7,,T,test-only,,table
saluja1987_10.1021_je00047a021_t1,SALUJA(1987),,Cp_app,323.15,6.0,0.0,0.1988,0.0,0.0994,0.0,0.0,-193.2,,T,test-only,,table
saluja1987_10.1021_je00047a021_t1,SALUJA(1987),,Cp_app,323.15,6.0,0.0,0.20426,0.0,0.10213,0.0,0.0,-190.7,,T,test-only,,table
saluja1987_10.1021_je00047a021_t1,SALUJA(1987),,Cp_app,323.15,6.0,0.0,0.39538,0.0,0.19769,0.0,0.0,-180.3,,T,test-only,,table
saluja1987_10.1021_je00047a021_t1,SALUJA(1987),,Cp_app,323.15,6.0,0.0,0.42502,0.0,0.21251,0.0,0.0,-179.2,,T,test-only,,table
saluja1987_10.1021_je00047a021_t1,SALUJA(1987),,Cp_app,323.15,6.0,0.0,0.85082,0.0,0.42541,0.0,0.0,-163.4,,T,test-only,,table
saluja1987_10.1021_je00047a021_t1,SALUJA(1987),,Cp_app,323.15,6.0,0.0,1.33226,0.0,0.66613,0.0,0.0,-150.1,,T,test-only,,table
saluja1987_10.1021_je00047a021_t1,SALUJA(1987),,Cp_app,323.15,6.0,0.0,1.7607,0.0,0.88035,0.0,0.0,-138.9,,T,test-only,,table
saluja1987_10.1021_je00047a021_t1,SALUJA(1987),,Cp_app,348.15,6.0,0.0,0.10216,0.0,0.05108,0.0,0.0,-198.3,,T,test-only,,table
saluja1987_10.1021_je00047a021_t1,SALUJA(1987),,Cp_app,348.15,6.0,0.0,0.2003,0.0,0.10015,0.0,0.0,-185.0,,T,test-only,,table
saluja1987_10.1021_je00047a021_t1,SALUJA(1987),,Cp_app,348.15,6.0,0.0,0.40542,0.0,0.20271,0.0,0.0,-163.8,,T,test-only,,table
saluja1987_10.1021_je00047a021_t1,SALUJA(1987),,Cp_app,348.15,6.0,0.0,0.98898,0.0,0.49449,0.0,0.0,-149.0,,T,test-only,,table
saluja1987_10.1021_je00047a021_t1,SALUJA(1987),,Cp_app,348.15,6.0,0.0,1.96904,0.0,0.98452,0.0,0.0,-117.6,,T,test-only,,table
saluja1987_10.1021_je00047a021_t1,SALUJA(1987),,Cp_app,373.15,6.0,0.0,0.05952,0.0,0.02976,0.0,0.0,-243.6,,T,test-only,,table
saluja1987_10.1021_je00047a021_t1,SALUJA(1987),,Cp_app,373.15,6.0,0.0,0.1988,0.0,0.0994,0.0,0.0,-216.8,,T,test-only,,table
saluja1987_10.1021_je00047a021_t1,SALUJA(1987),,Cp_app,373.15,6.0,0.0,0.20426,0.0,0.10213,0.0,0.0,-215.5,,T,test-only,,table
saluja1987_10.1021_je00047a021_t1,SALUJA(1987),,Cp_app,373.15,6.0,0.0,0.39538,0.0,0.19769,0.0,0.0,-196.0,,T,test-only,,table
saluja1987_10.1021_je00047a021_t1,SALUJA(1987),,Cp_app,373.15,6.0,0.0,0.4212,0.0,0.2106,0.0,0.0,-195.1,,T,test-only,,table
saluja1987_10.1021_je00047a021_t1,SALUJA(1987),,Cp_app,373.15,6.0,0.0,0.42502,0.0,0.21251,0.0,0.0,-194.5,,T,test-only,,table
saluja1987_10.1021_je00047a021_t1,SALUJA(1987),,Cp_app,373.15,6.0,0.0,0.85082,0.0,0.42541,0.0,0.0,-172.3,,T,test-only,,table
saluja1987_10.1021_je00047a021_t1,SALUJA(1987),,Cp_app,373.15,6.0,0.0,0.9398,0.0,0.4699,0.0,0.0,-175.8,,T,test-only,,table
saluja1987_10.1021_je00047a021_t1,SALUJA(1987),,Cp_app,373.15,6.0,0.0,1.33226,0.0,0.66613,0.0,0.0,-153.3,,T,test-only,,table
saluja1987_10.1021_je00047a021_t1,SALUJA(1987),,Cp_app,373.15,6.0,0.0,1.7607,0.0,0.88035,0.0,0.0,-138.1,,T,test-only,,table
pabalan1988b_10.1021_je00053a037_t1,PABALAN(1988b),,Cp_app,412.99,200.0,0.0,0.05,0.05,0.0,0.0,0.0,-103.0,15.0,T,test-only,,table
pabalan1988b_10.1021_je00053a037_t1,PABALAN(1988b),,Cp_app,412.99,200.0,0.0,0.101,0.101,0.0,0.0,0.0,-96.4,8.9,T,test-only,,table
pabalan1988b_10.1021_je00053a037_t1,PABALAN(1988b),,Cp_app,412.99,200.0,0.0,0.254,0.254,0.0,0.0,0.0,-84.4,5.08,T,test-only,,table
pabalan1988b_10.1021_je00053a037_t1,PABALAN(1988b),,Cp_app,412.99,200.0,0.0,0.5004,0.5004,0.0,0.0,0.0,-76.9,3.88,T,test-only,,table
pabalan1988b_10.1021_je00053a037_t1,PABALAN(1988b),,Cp_app,412.99,200.0,0.0,1.0,1.0,0.0,0.0,0.0,-65.64,3.22,T,test-only,,table
pabalan1988b_10.1021_je00053a037_t1,PABALAN(1988b),,Cp_app,412.99,200.0,0.0,1.5006,1.5006,0.0,0.0,0.0,-56.54,2.94,T,test-only,,table
pabalan1988b_10.1021_je00053a037_t1,PABALAN(1988b),,Cp_app,412.99,200.0,0.0,1.9988,1.9988,0.0,0.0,0.0,-46.35,2.74,T,test-only,,table
pabalan1988b_10.1021_je00053a037_t1,PABALAN(1988b),,Cp_app,412.99,200.0,0.0,3.0,3.0,0.0,0.0,0.0,-36.67,2.56,T,test-only,,table
pabalan1988b_10.1021_je00053a037_t1,PABALAN(1988b),,Cp_app,423.87,200.0,0.0,0.05,0.05,0.0,0.0,0.0,-117.0,16.0,T,test-only,,table
pabalan1988b_10.1021_je00053a037_t1,PABALAN(1988b),,Cp_app,423.87,200.0,0.0,0.101,0.101,0.0,0.0,0.0,-111.0,9.0,T,test-only,,table
pabalan1988b_10.1021_je00053a037_t1,PABALAN(1988b),,Cp_app,423.87,200.0,0.0,0.254,0.254,0.0,0.0,0.0,-98.9,5.29,T,test-only,,table
pabalan1988b_10.1021_je00053a037_t1,PABALAN(1988b),,Cp_app,423.87,200.0,0.0,0.5004,0.5004,0.0,0.0,0.0,-88.91,4.06,T,test-only,,table
pabalan1988b_10.1021_je00053a037_t1,PABALAN(1988b),,Cp_app,423.87,200.0,0.0,1.0,1.0,0.0,0.0,0.0,-70.01,3.29,T,test-only,,table
pabalan1988b_10.1021_je00053a037_t1,PABALAN(1988b),,Cp_app,423.87,200.0,0.0,1.5006,1.5006,0.0,0.0,0.0,-60.72,3.01,T,test-only,,table
pabalan1988b_10.1021_je00053a037_t1,PABALAN(1988b),,Cp_app,423.87,200.0,0.0,1.9988,1.9988,0.0,0.0,0.0,-52.88,2.84,T,test-only,,table
pabalan1988b_10.1021_je00053a037_t1,PABALAN(1988b),,Cp_app,423.87,200.0,0.0,3.0,3.0,0.0,0.0,0.0,-40.57,2.62,T,test-only,,table
pabalan1988b_10.1021_je00053a037_t1,PABALAN(1988b),,Cp_app,472.31,200.0,0.0,0.05,0.05,0.0,0.0,0.0,-172.0,17.0,T,test-only,,table
pabalan1988b_10.1021_je00053a037_t1,PABALAN(1988b),,Cp_app,472.31,200.0,0.0,0.101,0.101,0.0,0.0,0.0,-162.0,10.0,T,test-only,,table
pabalan1988b_10.1021_je00053a037_t1,PABALAN(1988b),,Cp_app,472.31,200.0,0.0,0.254,0.254,0.0,0.0,0.0,-143.4,6.0,T,test-only,,table
pabalan1988b_10.1021_je00053a037_t1,PABALAN(1988b),,Cp_app,472.31,200.0,0.0,0.5004,0.5004,0.0,0.0,0.0,-126.1,4.7,T,test-only,,table
pabalan1988b_10.1021_je00053a037_t1,PABALAN(1988b),,Cp_app,472.31,200.0,0.0,1.0,1.0,0.0,0.0,0.0,-107.9,3.9,T,test-only,,table
pabalan1988b_10.1021_je00053a037_t1,PABALAN(1988b),,Cp_app,472.31,200.0,0.0,1.5006,1.5006,0.0,0.0,0.0,-90.71,3.51,T,test-only,,table
pabalan1988b_10.1021_je00053a037_t1,PABALAN(1988b),,Cp_app,472.31,200.0,0.0,1.9988,1.9988,0.0,0.0,0.0,-82.29,3.32,T,test-only,,table
pabalan1988b_10.1021_je00053a037_t1,PABALAN(1988b),,Cp_app,472.31,200.0,0.0,3.0,3.0,0.0,0.0,0.0,-62.01,2.99,T,test-only,,table
pabalan1988b_10.1021_je00053a037_t1,PABALAN(1988b),,Cp_app,522.7,200.0,0.0,0.05,0.05,0.0,0.0,0.0,-298.0,19.0,T,test-only,,table
pabalan1988b_10.1021_je00053a037_t1,PABALAN(1988b),,Cp_app,522.7,200.0,0.0,0.101,0.101,0.0,0.0,0.0,-317.3,12.3,T,test-only,,table
pabalan1988b_10.1021_je00053a037_t1,PABALAN(1988b),,Cp_app,522.7,200.0,0.0,0.254,0.254,0.0,0.0,0.0,-263.6,7.9,T,test-only,,table
pabalan1988b_10.1021_je00053a037_t1,PABALAN(1988b),,Cp_app,522.7,200.0,0.0,0.5004,0.5004,0.0,0.0,0.0,-226.6,6.2,T,test-only,,table
pabalan1988b_10.1021_je00053a037_t1,PABALAN(1988b),,Cp_app,522.7,200.0,0.0,1.0,1.0,0.0,0.0,0.0,-193.8,5.2,T,test-only,,table
pabalan1988b_10.1021_je00053a037_t1,PABALAN(1988b),,Cp_app,522.7,200.0,0.0,1.5006,1.5006,0.0,0.0,0.0,-164.17,4.67,T,test-only,,table
pabalan1988b_10.1021_je00053a037_t1,PABALAN(1988b),,Cp_app,522.7,200.0,0.0,1.9988,1.9988,0.0,0.0,0.0,-139.84,4.27,T,test-only,,table
pabalan1988b_10.1021_je00053a037_t1,PABALAN(1988b),,Cp_app,522.7,200.0,0.0,3.0,3.0,0.0,0.0,0.0,-110.56,3.81,T,test-only,,table
pabalan1988b_10.1021_je00053a037_t1,PABALAN(1988b),,Cp_app,572.5,200.0,0.0,0.0501,0.0501,0.0,0.0,0.0,-909.5,29.4,T,test-only,,table
pabalan1988b_10.1021_je00053a037_t1,PABALAN(1988b),,Cp_app,572.5,200.0,0.0,0.1001,0.1001,0.0,0.0,0.0,-739.8,19.5,T,test-only,,table
pabalan1988b_10.1021_je00053a037_t1,PABALAN(1988b),,Cp_app,572.5,200.0,0.0,0.254,0.254,0.0,0.0,0.0,-672.1,14.2,T,test-only,,table
pabalan1988b_10.1021_je00053a037_t1,PABALAN(1988b),,Cp_app,572.5,200.0,0.0,0.5004,0.5004,0.0,0.0,0.0,-574.4,11.6,T,test-only,,table
pabalan1988b_10.1021_je00053a037_t1,PABALAN(1988b),,Cp_app,572.5,200.0,0.0,1.0,1.0,0.0,0.0,0.0,-452.6,9.3,T,test-only,,table
pabalan1988b_10.1021_je00053a037_t1,PABALAN(1988b),,Cp_app,572.5,200.0,0.0,1.5006,1.5006,0.0,0.0,0.0,-385.9,8.1,T,test-only,,table
pabalan1988b_10.1021_je00053a037_t1,PABALAN(1988b),,Cp_app,572.5,200.0,0.0,1.9988,1.9988,0.0,0.0,0.0,-336.1,7.4,T,test-only,,table
pabalan1988b_10.1021_je00053a037_t1,PABALAN(1988b),,Cp_app,572.5,200.0,0.0,3.001,3.001,0.0,0.0,0.0,-255.9,6.2,T,test-only,,table
perron1974_10.1139_v74-558_t1,PERRON(1974),,Cp_app,298.15,,0.0,0.02664,0.0,0.0,0.01332,0.0,-246.6,,T,test-only,pressure-unstated,table
perron1974_10.1139_v74-558_t1,PERRON(1974),,Cp_app,298.15,,0.0,0.0464,0.0,0.0,0.0232,0.0,-241.8,,T,test-only,pressure-unstated,table
perron1974_10.1139_v74-558_t1,PERRON(1974),,Cp_app,298.15,,0.0,0.06624,0.0,0.0,0.03312,0.0,-226.6,,T,test-only,pressure-unstated,table
perron1974_10.1139_v74-558_t1,PERRON(1974),,Cp_app,298.15,,0.0,0.1322,0.0,0.0,0.0661,0.0,-227.0,,T,test-only,pressure-unstated,table
perron1974_10.1139_v74-558_t1,PERRON(1974),,Cp_app,298.15,,0.0,0.26322,0.0,0.0,0.13161,0.0,-220.4,,T,test-only,pressure-unstated,table
perron1974_10.1139_v74-558_t1,PERRON(1974),,Cp_app,298.15,,0.0,0.3946,0.0,0.0,0.1973,0.0,-216.5,,T,test-only,pressure-unstated,table
perron1974_10.1139_v74-558_t1,PERRON(1974),,Cp_app,298.15,,0.0,0.5266,0.0,0.0,0.2633,0.0,-209.1,,T,test-only,pressure-unstated,table
perron1974_10.1139_v74-558_t1,PERRON(1974),,Cp_app,298.15,,0.0,0.68192,0.0,0.0,0.34096,0.0,-203.3,,T,test-only,pressure-unstated,table
perron1974_10.1139_v74-558_t1,PERRON(1974),,Cp_app,298.15,,0.0,0.02512,0.0,0.01256,0.0,0.0,-257.5,,T,test-only,pressure-unstated,table
perron1974_10.1139_v74-558_t1,PERRON(1974),,Cp_app,298.15,,0.0,0.0447,0.0,0.02235,0.0,0.0,-247.6,,T,test-only,pressure-unstated,table
perron1974_10.1139_v74-558_t1,PERRON(1974),,Cp_app,298.15,,0.0,0.06574,0.0,0.03287,0.0,0.0,-248.8,,T,test-only,pressure-unstated,table
perron1974_10.1139_v74-558_t1,PERRON(1974),,Cp_app,298.15,,0.0,0.1327,0.0,0.06635,0.0,0.0,-241.2,,T,test-only,pressure-unstated,table
perron1974_10.1139_v74-558_t1,PERRON(1974),,Cp_app,298.15,,0.0,0.2613,0.0,0.13065,0.0,0.0,-229.0,,T,test-only,pressure-unstated,table
perron1974_10.1139_v74-558_t1,PERRON(1974),,Cp_app,298.15,,0.0,0.39246,0.0,0.19623,0.0,0.0,-221.7,,T,test-only,pressure-unstated,table
perron1974_10.1139_v74-558_t1,PERRON(1974),,Cp_app,298.15,,0.0,0.5265,0.0,0.26325,0.0,0.0,-216.4,,T,test-only,pressure-unstated,table
perron1974_10.1139_v74-558_t1,PERRON(1974),,Cp_app,298.15,,0.0,0.656,0.0,0.328,0.0,0.0,-211.6,,T,test-only,pressure-unstated,table
