dataset_id,source,gas,property,T_K,P_bar,m_Na,m_Cl,m_K,m_Ca,m_Mg,m_SO4,value,uncertainty,quality,tag,flags,data_origin,m_gas
mohammadi2025_10.1007_s42452-025-07557-2_t7,MOHAMMADI(2025),,visc,303.0,50.0,3.42,3.42,0.0,0.0,0.0,0.0,1.11,,T,test-only,,table,
mohammadi2025_10.1007_s42452-025-07557-2_t7,MOHAMMADI(2025),,visc,318.0,50.0,3.42,3.42,0.0,0.0,0.0,0.0,0.88,,T,test-only,,table,
mohammadi2025_10.1007_s42452-025-07557-2_t7,MOHAMMADI(2025),,visc,333.0,50.0,3.42,3.42,0.0,0.0,0.0,0.0,0.7,,T,test-only,,table,
mohammadi2025_10.1007_s42452-025-07557-2_t7,MOHAMMADI(2025),,visc,303.0,50.0,2.42,2.88,0.0,0.23,0.0,0.0,1.2,,T,test-only,,table,
mohammadi2025_10.1007_s42452-025-07557-2_t7,MOHAMMADI(2025),,visc,318.0,50.0,2.42,2.88,0.0,0.23,0.0,0.0,0.99,,T,test-only,,table,
mohammadi2025_10.1007_s42452-025-07557-2_t7,MOHAMMADI(2025),,visc,333.0,50.0,2.42,2.88,0.0,0.23,0.0,0.0,0.86,,T,test-only,,table,
mohammadi2025_10.1007_s42452-025-07557-2_t8,MOHAMMADI(2025),,visc,303.0,50.0,4.28,4.28,0.0,0.0,0.0,0.0,1.28,,T,test-only,,table,
mohammadi2025_10.1007_s42452-025-07557-2_t8,MOHAMMADI(2025),,visc,318.0,50.0,4.28,4.28,0.0,0.0,0.0,0.0,0.93,,T,test-only,,table,
mohammadi2025_10.1007_s42452-025-07557-2_t8,MOHAMMADI(2025),,visc,333.0,50.0,4.28,4.28,0.0,0.0,0.0,0.0,0.75,,T,test-only,,table,
mohammadi2025_10.1007_s42452-025-07557-2_t8,MOHAMMADI(2025),,visc,303.0,80.0,4.28,4.28,0.0,0.0,0.0,0.0,1.31,,T,test-only,,table,
mohammadi2025_10.1007_s42452-025-07557-2_t8,MOHAMMADI(2025),,visc,318.0,80.0,4.28,4.28,0.0,0.0,0.0,0.0,0.94,,T,test-only,,table,
mohammadi2025_10.1007_s42452-025-07557-2_t8,MOHAMMADI(2025),,visc,333.0,80.0,4.28,4.28,0.0,0.0,0.0,0.0,0.77,,T,test-only,,table,
mohammadi2025_10.1007_s42452-025-07557-2_t9,MOHAMMADI(2025),,visc,303.0,50.0,4.06380256,4.28906025,0.0,0.11262885,0.0,0.0,1.31,,T,test-only,,table,
mohammadi2025_10.1007_s42452-025-07557-2_t9,MOHAMMADI(2025),,visc,318.0,50.0,4.06380256,4.28906025,0.0,0.11262885,0.0,0.0,1.05,,T,test-only,,table,
mohammadi2025_10.1007_s42452-025-07557-2_t9,MOHAMMADI(2025),,visc,333.0,50.0,4.06380256,4.28906025,0.0,0.11262885,0.0,0.0,0.93,,T,test-only,,table,
mcbridewright2014_10.1021_je5009125_t7,MCBRIDEWRIGHT(2014),co2,visc,294.3,151.0,0.0,0.0,0.0,0.0,0.0,0.0,1.013,,T,test-only,,table,0.48151356
mcbridewright2014_10.1021_je5009125_t7,MCBRIDEWRIGHT(2014),co2,visc,294.3,302.0,0.0,0.0,0.0,0.0,0.0,0.0,1.014,,T,test-only,,table,0.48151356
mcbridewright2014_10.1021_je5009125_t7,MCBRIDEWRIGHT(2014),co2,visc,294.3,503.0,0.0,0.0,0.0,0.0,0.0,0.0,1.012,,T,test-only,,table,0.48151356
mcbridewright2014_10.1021_je5009125_t7,MCBRIDEWRIGHT(2014),co2,visc,294.3,703.0,0.0,0.0,0.0,0.0,0.0,0.0,1.008,,T,test-only,,table,0.48151356
mcbridewright2014_10.1021_je5009125_t7,MCBRIDEWRIGHT(2014),co2,visc,294.3,964.0,0.0,0.0,0.0,0.0,0.0,0.0,1.008,,T,test-only,,table,0.48151356
mcbridewright2014_10.1021_je5009125_t7,MCBRIDEWRIGHT(2014),co2,visc,322.93,150.0,0.0,0.0,0.0,0.0,0.0,0.0,0.56,,T,test-only,,table,0.48151356
mcbridewright2014_10.1021_je5009125_t7,MCBRIDEWRIGHT(2014),co2,visc,322.93,301.0,0.0,0.0,0.0,0.0,0.0,0.0,0.564,,T,test-only,,table,0.48151356
mcbridewright2014_10.1021_je5009125_t7,MCBRIDEWRIGHT(2014),co2,visc,322.93,502.0,0.0,0.0,0.0,0.0,0.0,0.0,0.568,,T,test-only,,table,0.48151356
mcbridewright2014_10.1021_je5009125_t7,MCBRIDEWRIGHT(2014),co2,visc,322.93,702.0,0.0,0.0,0.0,0.0,0.0,0.0,0.573,,T,test-only,,table,0.48151356
mcbridewright2014_10.1021_je5009125_t7,MCBRIDEWRIGHT(2014),co2,visc,322.93,963.0,0.0,0.0,0.0,0.0,0.0,0.0,0.582,,T,test-only,,table,0.48151356
mcbridewright2014_10.1021_je5009125_t7,MCBRIDEWRIGHT(2014),co2,visc,373.13,150.0,0.0,0.0,0.0,0.0,0.0,0.0,0.286,,T,test-only,,table,0.48151356
mcbridewright2014_10.1021_je5009125_t7,MCBRIDEWRIGHT(2014),co2,visc,373.13,301.0,0.0,0.0,0.0,0.0,0.0,0.0,0.291,,T,test-only,,table,0.48151356
mcbridewright2014_10.1021_je5009125_t7,MCBRIDEWRIGHT(2014),co2,visc,373.13,502.0,0.0,0.0,0.0,0.0,0.0,0.0,0.297,,T,test-only,,table,0.48151356
mcbridewright2014_10.1021_je5009125_t7,MCBRIDEWRIGHT(2014),co2,visc,373.13,703.0,0.0,0.0,0.0,0.0,0.0,0.0,0.302,,T,test-only,,table,0.48151356
mcbridewright2014_10.1021_je5009125_t7,MCBRIDEWRIGHT(2014),co2,visc,373.13,964.0,0.0,0.0,0.0,0.0,0.0,0.0,0.308,,T,test-only,,table,0.48151356
mcbridewright2014_10.1021_je5009125_t7,MCBRIDEWRIGHT(2014),co2,visc,397.98,301.0,0.0,0.0,0.0,0.0,0.0,0.0,0.231,,T,test-only,,table,0.48151356
mcbridewright2014_10.1021_je5009125_t7,MCBRIDEWRIGHT(2014),co2,visc,397.98,502.0,0.0,0.0,0.0,0.0,0.0,0.0,0.236,,T,test-only,,table,0.48151356
mcbridewright2014_10.1021_je5009125_t7,MCBRIDEWRIGHT(2014),co2,visc,397.98,703.0,0.0,0.0,0.0,0.0,0.0,0.0,0.242,,T,test-only,,table,0.48151356
mcbridewright2014_10.1021_je5009125_t7,MCBRIDEWRIGHT(2014),co2,visc,397.98,964.0,0.0,0.0,0.0,0.0,0.0,0.0,0.248,,T,test-only,,table,0.48151356
mcbridewright2014_10.1021_je5009125_t7,MCBRIDEWRIGHT(2014),co2,visc,424.03,301.0,0.0,0.0,0.0,0.0,0.0,0.0,0.19,,T,test-only,,table,0.48151356
mcbridewright2014_10.1021_je5009125_t7,MCBRIDEWRIGHT(2014),co2,visc,424.03,502.0,0.0,0.0,0.0,0.0,0.0,0.0,0.194,,T,test-only,,table,0.48151356
mcbridewright2014_10.1021_je5009125_t7,MCBRIDEWRIGHT(2014),co2,visc,424.03,702.0,0.0,0.0,0.0,0.0,0.0,0.0,0.199,,T,test-only,,table,0.48151356
mcbridewright2014_10.1021_je5009125_t7,MCBRIDEWRIGHT(2014),co2,visc,424.03,964.0,0.0,0.0,0.0,0.0,0.0,0.0,0.205,,T,test-only,,table,0.48151356
mcbridewright2014_10.1021_je5009125_t7,MCBRIDEWRIGHT(2014),co2,visc,448.93,300.0,0.0,0.0,0.0,0.0,0.0,0.0,0.162,,T,test-only,,table,0.48151356
mcbridewright2014_10.1021_je5009125_t7,MCBRIDEWRIGHT(2014),co2,visc,448.93,501.0,0.0,0.0,0.0,0.0,0.0,0.0,0.167,,T,test-only,,table,0.48151356
mcbridewright2014_10.1021_je5009125_t7,MCBRIDEWRIGHT(2014),co2,visc,448.93,702.0,0.0,0.0,0.0,0.0,0.0,0.0,0.172,,T,test-only,,table,0.48151356
mcbridewright2014_10.1021_je5009125_t7,MCBRIDEWRIGHT(2014),co2,visc,448.93,963.0,0.0,0.0,0.0,0.0,0.0,0.0,0.178,,T,test-only,,table,0.48151356
mcbridewright2014_10.1021_je5009125_t7,MCBRIDEWRIGHT(2014),co2,visc,294.27,151.0,0.0,0.0,0.0,0.0,0.0,0.0,1.049,,T,test-only,,table,0.94847611
mcbridewright2014_10.1021_je5009125_t7,MCBRIDEWRIGHT(2014),co2,visc,294.27,302.0,0.0,0.0,0.0,0.0,0.0,0.0,1.044,,T,test-only,,table,0.94847611
mcbridewright2014_10.1021_je5009125_t7,MCBRIDEWRIGHT(2014),co2,visc,294.27,502.0,0.0,0.0,0.0,0.0,0.0,0.0,1.044,,T,test-only,,table,0.94847611
mcbridewright2014_10.1021_je5009125_t7,MCBRIDEWRIGHT(2014),co2,visc,294.27,702.0,0.0,0.0,0.0,0.0,0.0,0.0,1.041,,T,test-only,,table,0.94847611
mcbridewright2014_10.1021_je5009125_t7,MCBRIDEWRIGHT(2014),co2,visc,294.27,963.0,0.0,0.0,0.0,0.0,0.0,0.0,1.046,,T,test-only,,table,0.94847611
mcbridewright2014_10.1021_je5009125_t7,MCBRIDEWRIGHT(2014),co2,visc,322.91,150.0,0.0,0.0,0.0,0.0,0.0,0.0,0.568,,T,test-only,,table,0.94847611
mcbridewright2014_10.1021_je5009125_t7,MCBRIDEWRIGHT(2014),co2,visc,322.91,301.0,0.0,0.0,0.0,0.0,0.0,0.0,0.573,,T,test-only,,table,0.94847611
mcbridewright2014_10.1021_je5009125_t7,MCBRIDEWRIGHT(2014),co2,visc,322.91,502.0,0.0,0.0,0.0,0.0,0.0,0.0,0.578,,T,test-only,,table,0.94847611
mcbridewright2014_10.1021_je5009125_t7,MCBRIDEWRIGHT(2014),co2,visc,322.91,702.0,0.0,0.0,0.0,0.0,0.0,0.0,0.584,,T,test-only,,table,0.94847611
mcbridewright2014_10.1021_je5009125_t7,MCBRIDEWRIGHT(2014),co2,visc,322.91,962.0,0.0,0.0,0.0,0.0,0.0,0.0,0.592,,T,test-only,,table,0.94847611
mcbridewright2014_10.1021_je5009125_t7,MCBRIDEWRIGHT(2014),co2,visc,373.03,301.0,0.0,0.0,0.0,0.0,0.0,0.0,0.2932,,T,test-only,,table,0.94847611
mcbridewright2014_10.1021_je5009125_t7,MCBRIDEWRIGHT(2014),co2,visc,373.03,502.0,0.0,0.0,0.0,0.0,0.0,0.0,0.2989,,T,test-only,,table,0.94847611
mcbridewright2014_10.1021_je5009125_t7,MCBRIDEWRIGHT(2014),co2,visc,373.03,702.0,0.0,0.0,0.0,0.0,0.0,0.0,0.304,,T,test-only,,table,0.94847611
mcbridewright2014_10.1021_je5009125_t7,MCBRIDEWRIGHT(2014),co2,visc,373.03,962.0,0.0,0.0,0.0,0.0,0.0,0.0,0.3111,,T,test-only,,table,0.94847611
mcbridewright2014_10.1021_je5009125_t7,MCBRIDEWRIGHT(2014),co2,visc,397.88,301.0,0.0,0.0,0.0,0.0,0.0,0.0,0.233,,T,test-only,,table,0.94847611
mcbridewright2014_10.1021_je5009125_t7,MCBRIDEWRIGHT(2014),co2,visc,397.88,502.0,0.0,0.0,0.0,0.0,0.0,0.0,0.238,,T,test-only,,table,0.94847611
mcbridewright2014_10.1021_je5009125_t7,MCBRIDEWRIGHT(2014),co2,visc,397.88,702.0,0.0,0.0,0.0,0.0,0.0,0.0,0.244,,T,test-only,,table,0.94847611
mcbridewright2014_10.1021_je5009125_t7,MCBRIDEWRIGHT(2014),co2,visc,397.88,963.0,0.0,0.0,0.0,0.0,0.0,0.0,0.25,,T,test-only,,table,0.94847611
mcbridewright2014_10.1021_je5009125_t7,MCBRIDEWRIGHT(2014),co2,visc,422.91,300.0,0.0,0.0,0.0,0.0,0.0,0.0,0.192,,T,test-only,,table,0.94847611
mcbridewright2014_10.1021_je5009125_t7,MCBRIDEWRIGHT(2014),co2,visc,422.91,501.0,0.0,0.0,0.0,0.0,0.0,0.0,0.196,,T,test-only,,table,0.94847611
mcbridewright2014_10.1021_je5009125_t7,MCBRIDEWRIGHT(2014),co2,visc,422.91,702.0,0.0,0.0,0.0,0.0,0.0,0.0,0.202,,T,test-only,,table,0.94847611
mcbridewright2014_10.1021_je5009125_t7,MCBRIDEWRIGHT(2014),co2,visc,422.91,962.0,0.0,0.0,0.0,0.0,0.0,0.0,0.208,,T,test-only,,table,0.94847611
mcbridewright2014_10.1021_je5009125_t7,MCBRIDEWRIGHT(2014),co2,visc,448.29,300.0,0.0,0.0,0.0,0.0,0.0,0.0,0.163,,T,test-only,,table,0.94847611
mcbridewright2014_10.1021_je5009125_t7,MCBRIDEWRIGHT(2014),co2,visc,448.29,501.0,0.0,0.0,0.0,0.0,0.0,0.0,0.168,,T,test-only,,table,0.94847611
mcbridewright2014_10.1021_je5009125_t7,MCBRIDEWRIGHT(2014),co2,visc,448.29,701.0,0.0,0.0,0.0,0.0,0.0,0.0,0.173,,T,test-only,,table,0.94847611
mcbridewright2014_10.1021_je5009125_t7,MCBRIDEWRIGHT(2014),co2,visc,448.29,962.0,0.0,0.0,0.0,0.0,0.0,0.0,0.179,,T,test-only,,table,0.94847611
mcbridewright2014_10.1021_je5009125_t7,MCBRIDEWRIGHT(2014),co2,visc,294.31,303.0,0.0,0.0,0.0,0.0,0.0,0.0,1.096,,T,test-only,,table,1.5461801
mcbridewright2014_10.1021_je5009125_t7,MCBRIDEWRIGHT(2014),co2,visc,294.31,503.0,0.0,0.0,0.0,0.0,0.0,0.0,1.095,,T,test-only,,table,1.5461801
mcbridewright2014_10.1021_je5009125_t7,MCBRIDEWRIGHT(2014),co2,visc,294.31,704.0,0.0,0.0,0.0,0.0,0.0,0.0,1.097,,T,test-only,,table,1.5461801
mcbridewright2014_10.1021_je5009125_t7,MCBRIDEWRIGHT(2014),co2,visc,294.31,965.0,0.0,0.0,0.0,0.0,0.0,0.0,1.1,,T,test-only,,table,1.5461801
mcbridewright2014_10.1021_je5009125_t7,MCBRIDEWRIGHT(2014),co2,visc,323.12,704.0,0.0,0.0,0.0,0.0,0.0,0.0,0.606,,T,test-only,,table,1.5461801
mcbridewright2014_10.1021_je5009125_t7,MCBRIDEWRIGHT(2014),co2,visc,323.12,965.0,0.0,0.0,0.0,0.0,0.0,0.0,0.615,,T,test-only,,table,1.5461801
mcbridewright2014_10.1021_je5009125_t7,MCBRIDEWRIGHT(2014),co2,visc,374.09,703.0,0.0,0.0,0.0,0.0,0.0,0.0,0.309,,T,test-only,,table,1.5461801
mcbridewright2014_10.1021_je5009125_t7,MCBRIDEWRIGHT(2014),co2,visc,374.09,964.0,0.0,0.0,0.0,0.0,0.0,0.0,0.318,,T,test-only,,table,1.5461801
mcbridewright2014_10.1021_je5009125_t7,MCBRIDEWRIGHT(2014),co2,visc,398.98,502.0,0.0,0.0,0.0,0.0,0.0,0.0,0.241,,T,test-only,,table,1.5461801
mcbridewright2014_10.1021_je5009125_t7,MCBRIDEWRIGHT(2014),co2,visc,398.98,702.0,0.0,0.0,0.0,0.0,0.0,0.0,0.245,,T,test-only,,table,1.5461801
mcbridewright2014_10.1021_je5009125_t7,MCBRIDEWRIGHT(2014),co2,visc,398.98,963.0,0.0,0.0,0.0,0.0,0.0,0.0,0.254,,T,test-only,,table,1.5461801
mcbridewright2014_10.1021_je5009125_t7,MCBRIDEWRIGHT(2014),co2,visc,423.82,502.0,0.0,0.0,0.0,0.0,0.0,0.0,0.198,,T,test-only,,table,1.5461801
mcbridewright2014_10.1021_je5009125_t7,MCBRIDEWRIGHT(2014),co2,visc,423.82,703.0,0.0,0.0,0.0,0.0,0.0,0.0,0.204,,T,test-only,,table,1.5461801
mcbridewright2014_10.1021_je5009125_t7,MCBRIDEWRIGHT(2014),co2,visc,423.82,965.0,0.0,0.0,0.0,0.0,0.0,0.0,0.21,,T,test-only,,table,1.5461801
mcbridewright2014_10.1021_je5009125_t7,MCBRIDEWRIGHT(2014),co2,visc,448.71,502.0,0.0,0.0,0.0,0.0,0.0,0.0,0.169,,T,test-only,,table,1.5461801
mcbridewright2014_10.1021_je5009125_t7,MCBRIDEWRIGHT(2014),co2,visc,448.71,702.0,0.0,0.0,0.0,0.0,0.0,0.0,0.173,,T,test-only,,table,1.5461801
mcbridewright2014_10.1021_je5009125_t7,MCBRIDEWRIGHT(2014),co2,visc,448.71,964.0,0.0,0.0,0.0,0.0,0.0,0.0,0.179,,T,test-only,,table,1.5461801
