doi,cited_by_openalex,retrieved
10.1002/aic.14818,47,2026-10-03
10.1002/aic.14825,80,2026-10-03
10.1002/aic.14885,29,2026-10-03
10.1002/aic.15512,15,2026-10-03
10.1002/bbpc.19810850103,155,2026-10-03
10.1002/bbpc.19850890714,122,2026-10-03
10.1002/bbpc.19850891206,153,2026-10-03
10.1002/bbpc.198800036,159,2026-10-03
10.1002/bbpc.198800223,84,2026-10-03
10.1002/bbpc.19930970116,210,2026-10-03
10.1002/cite.330430304,24,2026-10-03
10.1002/cjce.5450660221,170,2026-10-03
10.1002/cjce.5450760512,46,2026-10-03
10.1002/jctb.5010050201,259,2026-10-03
10.1002/jctb.5010140704,180,2026-10-03
10.1006/jcht.1993.1013,28,2026-10-03
10.1006/jcht.1994.1067,14,2026-10-03
10.1006/jcht.1996.0117,47,2026-10-03
10.1006/jcht.1997.0249,187,2026-10-03
10.1006/jcht.1998.0381,14,2026-10-03
10.1006/jcht.1999.0581,83,2026-10-03
10.1006/jcht.2000.0697,22,2026-10-03
10.1007/bf00645706,66,2026-10-03
10.1007/bf00646263,27,2026-10-03
10.1007/bf00646293,78,2026-10-03
10.1007/bf00648589,108,2026-10-03
10.1007/bf00650738,33,2026-10-03
10.1007/bf00972761,10,2026-10-03
10.1007/bf00973113,243,2026-10-03
10.1007/bf00973444,36,2026-10-03
10.1007/bf00973445,8,2026-10-03
10.1007/bf00976256,18,2026-10-03
10.1007/s004100050216,222,2026-10-03
10.1007/s004100050279,133,2026-10-03
10.1007/s10750-009-9835-4,36,2026-10-03
10.1007/s12182-014-0373-1,66,2026-10-03
10.1007/s42452-025-07557-2,4,2026-10-03
10.1016/0011-7471(69)90020-5,28,2026-10-03
10.1016/0011-7471(69)90021-7,82,2026-10-03
10.1016/0012-821x(84)90040-2,44,2026-10-03
10.1016/0016-7037(61)90004-7,79,2026-10-03
10.1016/0016-7037(62)90066-2,42,2026-10-03
10.1016/0016-7037(66)90015-9,31,2026-10-03
10.1016/0016-7037(82)90268-x,73,2026-10-03
10.1016/0016-7037(86)90317-0,136,2026-10-03
10.1016/0016-7037(88)90296-7,89,2026-10-03
10.1016/0021-9614(75)90240-2,28,2026-10-03
10.1016/0021-9614(78)90060-5,107,2026-10-03
10.1016/0021-9614(80)90130-5,84,2026-10-03
10.1016/0021-9614(82)90001-5,57,2026-10-03
10.1016/0021-9614(82)90080-5,150,2026-10-03
10.1016/0021-9614(84)90132-0,112,2026-10-03
10.1016/0021-9614(86)90055-8,70,2026-10-03
10.1016/0021-9614(87)90132-7,43,2026-10-03
10.1016/0021-9614(88)90224-8,65,2026-10-03
10.1016/0021-9614(94)90005-1,60,2026-10-03
10.1016/0040-6031(94)02011-c,53,2026-10-03
10.1016/0040-6031(95)02273-5,12,2026-10-03
10.1016/0146-6291(77)90563-x,62,2026-10-03
10.1016/0304-4203(74)90015-2,3548,2026-10-03
10.1016/0378-3812(86)85052-x,49,2026-10-03
10.1016/0378-3812(87)85026-4,200,2026-10-03
10.1016/0378-3812(93)87017-u,158,2026-10-03
10.1016/0378-3812(94)80013-8,53,2026-10-03
10.1016/0378-3812(94)80074-x,55,2026-10-03
10.1016/0896-8446(92)90021-b,445,2026-10-03
10.1016/0927-7757(94)03008-1,114,2026-10-03
10.1016/j.apgeochem.2016.04.003,9,2026-10-03
10.1016/j.chemgeo.2004.12.007,217,2026-10-03
10.1016/j.chemgeo.2016.01.013,69,2026-10-03
10.1016/j.chemgeo.2021.120443,22,2026-10-03
10.1016/j.fluid.2004.02.010,215,2026-10-03
10.1016/j.fluid.2004.08.040,123,2026-10-03
10.1016/j.fluid.2004.10.013,379,2026-10-03
10.1016/j.fluid.2005.10.006,73,2026-10-03
10.1016/j.fluid.2006.06.006,270,2026-10-03
10.1016/j.fluid.2006.12.018,94,2026-10-03
10.1016/j.fluid.2008.09.008,57,2026-10-03
10.1016/j.fluid.2010.02.042,51,2026-10-03
10.1016/j.fluid.2012.11.012,46,2026-10-03
10.1016/j.fluid.2014.06.016,38,2026-10-03
10.1016/j.fluid.2014.12.043,102,2026-10-03
10.1016/j.fluid.2015.01.025,62,2026-10-03
10.1016/j.fluid.2015.03.041,50,2026-10-03
10.1016/j.fluid.2017.12.008,36,2026-10-03
10.1016/j.fluid.2018.02.002,61,2026-10-03
10.1016/j.fluid.2020.112873,15,2026-10-03
10.1016/j.fluid.2021.113025,89,2026-10-03
10.1016/j.fluid.2025.114516,1,2026-10-03
10.1016/j.gca.2007.11.006,135,2026-10-03
10.1016/j.gca.2014.11.004,142,2026-10-03
10.1016/j.gca.2015.12.033,73,2026-10-03
10.1016/j.gca.2020.05.020,20,2026-10-03
10.1016/j.geothermics.2014.06.001,19,2026-10-03
10.1016/j.ijggc.2011.08.004,288,2026-10-03
10.1016/j.ijggc.2012.05.021,73,2026-10-03
10.1016/j.ijggc.2016.01.034,43,2026-10-03
10.1016/j.ijggc.2019.102825,83,2026-10-03
10.1016/j.ijhydene.2020.08.192,304,2026-10-03
10.1016/j.ijhydene.2023.10.290,94,2026-10-03
10.1016/j.jct.2004.12.009,61,2026-10-03
10.1016/j.jct.2006.03.019,35,2026-10-03
10.1016/j.jct.2011.10.026,80,2026-10-03
10.1016/j.jct.2013.05.039,12,2026-10-03
10.1016/j.jct.2015.06.034,49,2026-10-03
10.1016/j.jiec.2008.09.012,54,2026-10-03
10.1016/j.jiec.2015.10.041,23,2026-10-03
10.1016/j.petrol.2021.108685,26,2026-10-03
10.1016/j.supflu.2010.12.003,242,2026-10-03
10.1016/j.supflu.2011.11.002,104,2026-10-03
10.1016/j.supflu.2012.11.011,210,2026-10-03
10.1016/j.supflu.2013.03.022,68,2026-10-03
10.1016/s0011-9164(00)84013-8,30,2026-10-03
10.1016/s0016-7037(02)00838-4,63,2026-10-03
10.1016/s0016-7037(99)00050-2,49,2026-10-03
10.1016/s0021-9614(05)80095-3,76,2026-10-03
10.1016/s0021-9614(05)80146-6,23,2026-10-03
10.1016/s0021-9673(00)82344-4,85,2026-10-03
10.1016/s0031-8914(36)80353-x,70,2026-10-03
10.1016/s0040-6031(97)00058-0,28,2026-10-03
10.1016/s0304-4203(02)00034-8,111,2026-10-03
10.1016/s0360-5442(96)00093-x,163,2026-10-03
10.1016/s0378-3812(01)00456-3,203,2026-10-03
10.1016/s0378-3812(01)00598-2,203,2026-10-03
10.1016/s0378-3812(03)00009-8,185,2026-10-03
10.1016/s0378-3812(03)00322-4,100,2026-10-03
10.1016/s0378-3812(96)03013-0,27,2026-10-03
10.1016/s0378-3812(96)03165-2,61,2026-10-03
10.1016/s0378-3812(96)03177-9,108,2026-10-03
10.1016/s0378-3812(96)03229-3,164,2026-10-03
10.1016/s0378-3812(97)00211-2,103,2026-10-03
10.1016/s0378-3812(99)00164-8,29,2026-10-03
10.1016/s0896-8446(99)00054-6,405,2026-10-03
10.1021/ac00110a007,88,2026-10-03
10.1021/acs.jced.0c00230,21,2026-10-03
10.1021/acs.jced.0c00592,30,2026-10-03
10.1021/acs.jced.0c00799,36,2026-10-03
10.1021/acs.jced.1c00347,15,2026-10-03
10.1021/acs.jced.1c00397,8,2026-10-03
10.1021/acs.jced.3c00096,2,2026-10-03
10.1021/acs.jced.5b00651,75,2026-10-03
10.1021/acs.jced.6b00126,7,2026-10-03
10.1021/acs.jced.6b00505,79,2026-10-03
10.1021/acs.jced.6b00999,26,2026-10-03
10.1021/acs.jced.6c00193,0,2026-10-03
10.1021/acs.jced.7b00591,49,2026-10-03
10.1021/acs.jced.9b00013,45,2026-10-03
10.1021/acs.jced.9b00023,31,2026-10-03
10.1021/acs.jced.9b00993,8,2026-10-03
10.1021/ba-1979-0177.ch013,17,2026-10-03
10.1021/es404618y,50,2026-10-03
10.1021/es505550a,79,2026-10-03
10.1021/ie00102a014,29,2026-10-03
10.1021/ie020154i,214,2026-10-03
10.1021/ie0209374,114,2026-10-03
10.1021/ie030386x,98,2026-10-03
10.1021/ie034232t,190,2026-10-03
10.1021/ie049747e,61,2026-10-03
10.1021/ie049843f,92,2026-10-03
10.1021/ie0513752,53,2026-10-03
10.1021/ie058068g,15,2026-10-03
10.1021/ie070858y,51,2026-10-03
10.1021/ie101218k,85,2026-10-03
10.1021/ie50272a023,68,2026-10-03
10.1021/ie50394a018,133,2026-10-03
10.1021/ie50403a012,68,2026-10-03
10.1021/ie50509a058,315,2026-10-03
10.1021/ie50518a051,200,2026-10-03
10.1021/ie980768g,156,2026-10-03
10.1021/j100250a001,33,2026-10-03
10.1021/j100410a030,95,2026-10-03
10.1021/j100491a012,37,2026-10-03
10.1021/j100638a009,1841,2026-10-03
10.1021/j100665a024,71,2026-10-03
10.1021/j100697a020,22,2026-10-03
10.1021/j100702a012,238,2026-10-03
10.1021/j100822a016,73,2026-10-03
10.1021/j100847a064,173,2026-10-03
10.1021/j100854a012,76,2026-10-03
10.1021/j100858a019,46,2026-10-03
10.1021/j100876a049,756,2026-10-03
10.1021/j100886a005,161,2026-10-03
10.1021/j100892a021,40,2026-10-03
10.1021/j150620a008,138,2026-10-03
10.1021/j150622a006,240,2026-10-03
10.1021/ja00737a004,271,2026-10-03
10.1021/ja01139a026,135,2026-10-03
10.1021/ja01225a047,168,2026-10-03
10.1021/ja01242a022,21,2026-10-03
10.1021/ja01279a066,305,2026-10-03
10.1021/ja01291a061,31,2026-10-03
10.1021/ja01316a002,56,2026-10-03
10.1021/ja01316a022,217,2026-10-03
10.1021/ja01317a024,74,2026-10-03
10.1021/ja01377a001,64,2026-10-03
10.1021/ja01407a019,47,2026-10-03
10.1021/ja01847a027,171,2026-10-03
10.1021/ja01847a030,282,2026-10-03
10.1021/ja01849a019,12,2026-10-03
10.1021/ja01861a033,487,2026-10-03
10.1021/ja01871a025,328,2026-10-03
10.1021/je00018a007,38,2026-10-03
10.1021/je00020a034,31,2026-10-03
10.1021/je00023a008,52,2026-10-03
10.1021/je00023a013,102,2026-10-03
10.1021/je00023a014,115,2026-10-03
10.1021/je00026a012,196,2026-10-03
10.1021/je00027a005,152,2026-10-03
10.1021/je00027a014,34,2026-10-03
10.1021/je00031a016,27,2026-10-03
10.1021/je00033a005,88,2026-10-03
10.1021/je00039a015,128,2026-10-03
10.1021/je00040a030,53,2026-10-03
10.1021/je00043a018,33,2026-10-03
10.1021/je00044a022,6,2026-10-03
10.1021/je00045a018,56,2026-10-03
10.1021/je00047a021,50,2026-10-03
10.1021/je00053a015,67,2026-10-03
10.1021/je00053a037,111,2026-10-03
10.1021/je00055a016,52,2026-10-03
10.1021/je00057a027,220,2026-10-03
10.1021/je00061a022,46,2026-10-03
10.1021/je00061a026,42,2026-10-03
10.1021/je0102255,212,2026-10-03
10.1021/je010292z,58,2026-10-03
10.1021/je0200766,14,2026-10-03
10.1021/je0202230,40,2026-10-03
10.1021/je0255832,180,2026-10-03
10.1021/je034197x,66,2026-10-03
10.1021/je049615s,70,2026-10-03
10.1021/je049676q,38,2026-10-03
10.1021/je049869d,87,2026-10-03
10.1021/je049945c,136,2026-10-03
10.1021/je060430q,107,2026-10-03
10.1021/je200991x,123,2026-10-03
10.1021/je3000958,47,2026-10-03
10.1021/je301132p,21,2026-10-03
10.1021/je400396s,133,2026-10-03
10.1021/je400459y,16,2026-10-03
10.1021/je400684k,63,2026-10-03
10.1021/je400761c,12,2026-10-03
10.1021/je500062a,15,2026-10-03
10.1021/je500371u,17,2026-10-03
10.1021/je5009125,85,2026-10-03
10.1021/je501152a,25,2026-10-03
10.1021/je501172d,91,2026-10-03
10.1021/je60013a040,7,2026-10-03
10.1021/je60032a007,22,2026-10-03
10.1021/je60036a015,27,2026-10-03
10.1021/je60038a008,26,2026-10-03
10.1021/je60044a001,135,2026-10-03
10.1021/je60044a016,307,2026-10-03
10.1021/je60062a007,187,2026-10-03
10.1021/je60068a029,789,2026-10-03
10.1021/je60073a007,60,2026-10-03
10.1021/je60080a007,164,2026-10-03
10.1021/je7001286,36,2026-10-03
10.1021/je700473e,136,2026-10-03
10.1021/je900441f,23,2026-10-03
10.1021/je9007958,33,2026-10-03
10.1021/je950093d,22,2026-10-03
10.1021/je960275n,40,2026-10-03
10.1021/jp201520u,56,2026-10-03
10.1021/jp403375t,114,2026-10-03
10.1021/jp509678g,71,2026-10-03
10.1023/a:1015294905132,138,2026-10-03
10.1023/a:1022256927236,48,2026-10-03
10.1038/2001092a0,150,2026-10-03
10.1039/f19888403575,9,2026-10-03
10.1039/ft9908600495,5,2026-10-03
10.1039/j19670000660,25,2026-10-03
10.1039/jr9520003819,259,2026-10-03
10.1039/tf9090500068,101,2026-10-03
10.1039/tf9635901994,20,2026-10-03
10.1039/tf9635902735,101,2026-10-03
10.1063/1.1137814,35,2026-10-03
10.1063/1.443074,279,2026-10-03
10.1063/1.458911,107,2026-10-03
10.1139/v74-558,83,2026-10-03
10.1139/v78-301,10,2026-10-03
10.1139/v82-240,11,2026-10-03
10.11575/prism/38486,1,2026-10-03
10.1252/jcej.10.89,41,2026-10-03
10.1252/jcej.24.449,103,2026-10-03
10.1252/jcej.3.137,36,2026-10-03
10.1252/jcej.3.18,135,2026-10-03
10.1252/kakoronbunshu.4.185,20,2026-10-03
10.1306/2f9185e0-16ce-11d7-8645000102c1865d,65,2026-10-03
10.1524/zpch.1963.37.5_6.387,464,2026-10-03
10.1627/jpi.57.125,15,2026-10-03
10.2118/15905-pa,149,2026-10-03
10.2118/3106-pa,47,2026-10-03
10.2118/614-pa,23,2026-10-03
10.2118/950001-g,38,2026-10-03
10.2118/950319-g,38,2026-10-03
10.2118/951223-g,202,2026-10-03
10.2172/1436979,20,2026-10-03
10.2475/ajs.262.9.1055,611,2026-10-03
10.2475/ajs.263.5.445,329,2026-10-03
10.2475/ajs.284.6.668,54,2026-10-03
10.3133/b1421a,127,2026-10-03
10.3133/ofr80371,5,2026-10-03
10.3133/ofr81-1294,,2026-10-03
10.3390/en13236295,5,2026-10-03
10.3390/en14217222,55,2026-10-03
10.6028/jres.070a.027,41,2026-10-03
10.6028/jres.072a.02210.1021/je2013704,,2026-10-03
