source,family,property,n_rows_in_default_view,strict_n_compared,strict_bias_median,strict_scale_mad,strict_share_beyond_10pct,strict_outliers,smooth_n_compared,smooth_bias_median,smooth_scale_mad,smooth_share_beyond_10pct,smooth_outliers,n_consensus_outliers
TAKENOUCHI,y_h2o,y_h2o,108,33,0.2082,0.2502,0.6667,0,52,0.2636,0.2874,0.7692,15,15
MICHELS(1936),solubility,solubility_molality,30,10,-0.1204,0.09554,0.6,2,23,-0.1068,0.06888,0.5217,7,8
TAKENOUCHI,solubility,solubility_molality,108,48,0.01362,0.06878,0.2083,1,89,-0.02064,0.03826,0.1236,7,7
TODHEIDE,y_h2o,y_h2o,105,33,-0.17,0.1862,0.6667,1,56,-0.18,0.142,0.7321,6,7
CAUMON(2016),y_h2o,y_h2o,21,5,0.3321,0.04946,0.8,0,19,0.3552,0.1259,0.9474,7,7
TODHEIDE,solubility,solubility_molality,105,35,-0.02286,0.07454,0.2286,1,61,-0.04349,0.08773,0.2623,6,6
SABIRZYANOV(2002),y_h2o,y_h2o,14,9,0.02759,0.4386,0.7778,4,13,0.1392,0.3263,0.8462,4,6
SONG(2014),y_h2o,y_h2o,12,5,0.8635,1.082,1,1,12,0.3184,0.4047,0.6667,6,6
WANG(2019),solubility,solubility_molality,504,116,-0.01569,0.0263,0.008621,0,299,-0.01004,0.0277,0.02341,5,5
CARROLL(1998),solubility,solubility_molality,36,11,0.0183,0.04571,0.1818,0,30,0.04663,0.05967,0.3,5,5
Hou2013_JSCF78_T2,solubility,solubility_molality,36,3,-0.08953,0.01959,0.3333,0,18,-0.08623,0.04179,0.4444,5,5
KIEPE(2003),solubility,solubility_molality,112,2,0.2455,0.1958,1,0,10,0.1324,0.1382,0.6,5,5
SONG(1987),y_h2o,y_h2o,11,2,-0.6835,0.04188,1,0,9,-0.4213,0.3259,0.7778,5,5
FROST(2014),solubility,solubility_molality,21,8,-0.002021,0.1218,0.5,1,21,-0.03153,0.1028,0.3333,4,4
DUFFY(1961),solubility,solubility_molality,65,4,-0.01367,0.03922,0,0,14,0.006803,0.06629,0.2857,4,4
LIU(2011),solubility,solubility_molality,24,0,,,,0,7,0.1396,0.01316,0.5714,4,4
CARVALHO(2015),solubility,solubility_molality,66,24,0.05382,0.03481,0.08333,1,61,0.02754,0.05256,0.06557,3,3
OU(2015),solubility,solubility_molality,204,24,-0.02053,0.05204,0.25,0,60,-0.03899,0.05589,0.25,3,3
MOHAMMADIAN(2015),solubility,solubility_molality,69,35,0.01087,0.06875,0.1429,0,48,0.01018,0.04337,0.08333,3,3
MORRISON(1952),solubility,solubility_molality,91,22,-0.007937,0.04338,0.04545,0,37,0.008316,0.04431,0.1351,3,3
ZAWISZA(1981),solubility,solubility_molality,33,5,-0.008661,0.01494,0,0,19,-0.006599,0.07605,0.2105,3,3
king,y_h2o,y_h2o,26,8,-0.002727,0.04497,0.375,0,15,-0.003873,0.02492,0.3333,3,3
SABIRZYANOV(2003),solubility,solubility_molality,14,13,-0.07602,0.01893,0.3846,1,14,-0.07585,0.01322,0.2143,3,3
TEYMOURI(2017),solubility,solubility_molality,173,2,-0.07095,0.03035,0,0,14,0.0532,0.05443,0.2143,3,3
Hou2013_JSCF78_T3,solubility,solubility_molality,36,4,-0.1545,0.01285,1,0,6,-0.1147,0.05734,0.6667,3,3
SONG(1997),solubility,solubility_molality,9,1,2.033,0,1,0,3,0.7344,0.6973,1,3,3
HOU,solubility,solubility_molality,36,10,0.0009034,0.0372,0.1,0,31,-0.009694,0.05088,0.129,2,2
WANG(1995),solubility,solubility_molality,21,6,0.02571,0.04391,0.1667,0,19,0.03259,0.03966,0.1053,2,2
KIEPE(2002),solubility,solubility_molality,139,0,,,,0,11,0.072,0.06492,0.4545,2,2
YANG(2001),solubility,solubility_molality,11,6,-0.02732,0.07667,0.3333,2,11,-0.03249,0.06172,0.1818,2,2
FROST(2014),y_h2o,y_h2o,21,1,0.3881,0,1,0,10,0.07461,0.2069,0.5,2,2
LEKVAM(1997),solubility,solubility_molality,15,3,0.07643,0.002008,0.3333,0,9,-0.04013,0.08554,0.2222,2,2
STEWART(1970),solubility,solubility_molality,12,4,-0.07573,0.0281,0.25,0,8,-0.09627,0.03379,0.5,2,2
TAKENOUSHI(1965),solubility,solubility_molality,27,0,,,,0,6,-0.02578,0.1336,0.3333,2,2
Guo,solubility,solubility_molality,131,44,0.00325,0.03587,0.06818,0,50,0.009313,0.02478,0.02,1,1
Valtz,solubility,solubility_molality,44,10,0.04222,0.04031,0.2,0,38,0.04399,0.02525,0.1316,1,1
GUO(2015),solubility,solubility_molality,156,36,0.006921,0.03315,0,0,34,0.007276,0.02745,0.02941,1,1
BERMEJO(2005),solubility,solubility_molality,26,3,-0.07465,0.05455,0.3333,0,26,-0.02956,0.03,0.2692,1,1
CULBERSON(1951),solubility,solubility_molality,70,6,-0.0357,0.05438,0.1667,0,25,-0.03408,0.02337,0.04,1,1
HOU,y_h2o,y_h2o,33,7,0.001578,0.1279,0.4286,0,25,0.004045,0.1448,0.56,1,1
CHAPOY(2004b),solubility,solubility_molality,27,4,-0.04671,0.01096,0,0,21,0.0007205,0.02775,0.04762,1,1
KING(1971),y_h2o,y_h2o,39,3,-0.03374,0.007223,0,0,17,0.04675,0.09323,0.3529,1,1
WANG(2003),solubility,solubility_molality,17,8,-0.03452,0.03176,0.125,0,17,0.002403,0.05053,0.1176,1,1
YAN(2011),solubility,solubility_molality,36,26,0.01867,0.0552,0.07692,1,17,0.01897,0.05244,0.05882,0,1
OLDS(1942),y_h2o,y_h2o,76,8,-0.006996,0.01761,0.125,0,16,-0.008618,0.02732,0.3125,1,1
OSULLIVAN(1969),solubility,solubility_molality,50,9,-0.01209,0.04438,0,0,13,0.0005733,0.02518,0.07692,1,1
KOSCHEL(2006),solubility,solubility_molality,14,8,-0.03146,0.04201,0.25,1,11,-0.004051,0.02835,0,0,1
MULLER,solubility,solubility_molality,41,4,-0.001719,0.07987,0,0,10,0.05488,0.09469,0.2,1,1
GAO(1997),solubility,solubility_molality,14,9,-0.03094,0.01891,0,0,9,0.01341,0.05063,0.1111,1,1
NIGHSWANDER,solubility,solubility_molality,19,6,0.06273,0.05493,0.1667,0,8,0.02834,0.06128,0.125,1,1
KIM(2003),solubility,solubility_molality,6,4,0.01192,0.1747,0.5,0,6,0.01455,0.05451,0.1667,1,1
YOKOYAMA(1988),solubility,solubility_molality,6,4,0.03445,0.1088,0.25,1,6,0.02119,0.06063,0,0,1
SAKO,solubility,solubility_molality,7,2,0.1045,0.1459,0.5,0,5,0.03559,0.07782,0.4,1,1
ANTHONY(1967),y_h2o,y_h2o,21,3,-0.3566,0.2115,0.6667,0,4,-0.0247,0.08155,0.25,1,1
WANG(2013),y_h2o,y_h2o,4,2,0.2363,0.06103,1,1,4,0.1548,0.1212,1,0,1
BURGASS(2021),y_h2o,y_h2o,9,0,,,,0,3,0.3991,0.1626,1,1,1
MESSABEB(2017),solubility,solubility_molality,36,3,0.04114,0.00847,0,0,3,0.05018,0.01068,0.3333,1,1
CAMPOS(2010),solubility,solubility_molality,15,0,,,,0,1,0.8712,0,1,1,1
REAMER(1943),y_h2o,y_h2o,40,3,0.5543,0.6564,0.6667,0,1,0.81,0,1,1,1
HUBERT(1995b),psat_ratio,psat_ratio,133,13,0.0001659,0.0007963,0,0,80,-0.005893,0.009969,0,0,0
SURDO(1982),rho,rho,367,26,1.895e-05,0.0009484,0,0,55,0.0003037,0.0003079,0,0,0
ROMANKIW(1983),rho,rho,179,23,0.0003433,0.001451,0,0,50,8.379e-05,0.0002438,0,0,0
DEBELIUS(2009),solubility,solubility_molality,308,18,0.02141,0.02367,0,0,45,0.01488,0.03074,0,0,0
FOX(1909),solubility,solubility_molality,50,26,0.006285,0.01459,0,0,44,0.0009995,0.008271,0,0,0
WIEBE(1940),solubility,solubility_molality,42,16,-0.004673,0.02688,0,0,42,-0.00927,0.01261,0.02381,0,0
CROZIER(1974),solubility,solubility_molality,42,19,-0.004843,0.005274,0,0,41,-0.007827,0.003176,0,0,0
WOOD(1984),psat_ratio,psat_ratio,223,15,0.01516,0.01677,0,0,34,0.01355,0.01211,0,0,0
COSGROVE(1981),solubility,solubility_molality,33,25,0.0139,0.03189,0,0,31,0.01431,0.02483,0,0,0
Meyer,y_h2o,y_h2o,58,5,0.02295,0.06325,0,0,31,-0.003757,0.04391,0.2258,0,0
BAMBERGE,solubility,solubility_molality,29,27,0.009158,0.01736,0,0,29,0.005639,0.01585,0,0,0
YAMAMOTO(1976),solubility,solubility_molality,35,30,0.007127,0.02361,0,0,29,0.002452,0.006634,0,0,0
AHMADI(2018),solubility,solubility_molality,48,6,0.05406,0.02403,0,0,28,0.03149,0.02164,0.07143,0,0
HAN(2009),solubility,solubility_molality,28,20,0.001825,0.02045,0.05,0,28,0.006137,0.01892,0,0,0
NASIRZADEH(2004),psat_ratio,psat_ratio,42,13,-0.0001658,0.0007956,0,0,28,0.003056,0.004193,0,0,0
WIEBE(1939),solubility,solubility_molality,29,18,0.002928,0.02708,0,0,27,-0.007765,0.0179,0,0,0
BAMBERGE,y_h2o,y_h2o,29,9,-0.05695,0.05595,0.2222,0,26,-0.02318,0.04456,0.03846,0,0
LUCILE(2012),solubility,solubility_molality,30,11,0.0148,0.08891,0.09091,0,26,0.01539,0.0597,0.03846,0,0
PRICE(1979),solubility,solubility_molality,142,18,0.029,0.05524,0.3333,0,26,0.02726,0.04844,0.2308,0,0
GRUSZKIEWICZ(2005),psat_ratio,psat_ratio,118,13,-0.02579,0.005591,0,0,24,-0.019,0.003516,0,0,0
LARACRUZ(2019),solubility,solubility_molality,23,23,0.02555,0.02579,0,0,23,0.01966,0.02564,0,0,0
Valtz,y_h2o,y_h2o,33,9,-0.09091,0.1762,0.5556,0,22,-0.04219,0.1596,0.4545,0,0
WIEBE(1941),y_h2o,y_h2o,35,17,0.001502,0.08731,0.4118,0,22,-0.001039,0.06522,0.3636,0,0
MESSABEB(2016),solubility,solubility_molality,36,21,0.007067,0.034,0.04762,0,21,0.009128,0.04734,0,0,0
JOOSS(2026),y_h2o,y_h2o,90,9,0.06294,0.1462,0.4444,0,20,0.03351,0.09994,0.3,0,0
CAUMON(2016),solubility,solubility_molality,22,2,0.01357,0.02724,0,0,19,-0.0443,0.01462,0,0,0
CHAPOY(2003),y_h2o,y_h2o,39,5,-0.008,0.04985,0.2,0,19,-0.08614,0.09065,0.4737,0,0
YARRISON(2006b),y_h2o,y_h2o,59,30,0.002716,0.004027,0,0,19,0.003614,0.01363,0.1053,0,0
YARRISON(2006),y_h2o,y_h2o,37,30,-0.002458,0.003309,0,0,18,-0.002562,0.009594,0.1111,0,0
CHAPOY(2003b),y_h2o,y_h2o,44,3,0.09111,0.2174,0.6667,0,17,0.05543,0.2016,0.6471,0,0
ZHAO(2015),solubility,solubility_molality,18,15,0.02893,0.04819,0.06667,0,17,0.02723,0.0421,0.1765,0,0
king,solubility,solubility_molality,18,7,-0.002002,0.004195,0,0,17,-0.008451,0.01047,0,0,0
GATES(1985),rho,rho,148,21,-1.006e-06,0.001096,0,0,16,6.279e-06,0.001114,0,0,0
HE(2021),solubility,solubility_molality,16,6,0.003616,0.02681,0,0,16,0.01296,0.03384,0,0,0
LARACRUZ(2020),solubility,solubility_molality,32,11,0.0004719,0.03141,0,0,16,0.001609,0.03978,0,0,0
MILLERO(2002b),solubility,solubility_molality,322,40,0.006307,0.00545,0,0,16,-0.009157,0.02105,0,0,0
MOHAMMADI(2004),y_h2o,y_h2o,22,8,-0.01419,0.02805,0,0,16,-0.01779,0.02358,0.125,0,0
CHAPOY(2004),solubility,solubility_molality,16,8,-0.03712,0.05104,0.125,0,15,-0.02229,0.01897,0,0,0
BOTGER(2016),solubility,solubility_molality,14,9,0.07534,0.0667,0.4444,0,14,0.064,0.01742,0,0,0
ZEZIN(2014b),rho,rho,1339,56,0.0006678,0.0007286,0,0,14,0.003164,0.002852,0,0,0
MILLERO(2002),solubility,solubility_molality,89,30,-0.006994,0.003416,0,0,13,-0.009262,0.00466,0,0,0
MURRAY(1969),solubility,solubility_molality,13,10,-0.01182,0.01329,0,0,13,-0.01522,0.01104,0,0,0
SERRA(2006),solubility,solubility_molality,13,5,-0.02372,0.005401,0,0,13,-0.01636,0.007132,0,0,0
MURRAY(1969b),solubility,solubility_molality,12,11,-0.01196,0.01248,0,0,12,-0.01388,0.009621,0,0,0
OAKES(1990),rho,rho,171,18,-0.0006765,0.001594,0,0,10,-8.012e-05,0.0002279,0,0,0
CHAPOY(2004d),solubility,solubility_molality,39,1,-0.08786,0,0,0,9,0.006865,0.01232,0,0,0
KOBAYASHI(1953),solubility,solubility_molality,98,1,0.09632,0,0,0,9,-0.007077,0.007661,0.1111,0,0
MCBRIDEWRIGHT(2014),rho_gas,rho_gas_loaded,98,0,,,,0,9,0.001003,0.001604,0,0,0
AMIRIJAFARI(1972),solubility,solubility_molality,8,2,0.008443,0.003584,0,0,8,-0.0121,0.01588,0,0,0
SAKO(1985),psat_ratio,psat_ratio,76,0,,,,0,8,-0.01297,0.02094,0,0,0
AWAN(2010),solubility,solubility_molality,8,4,-0.0372,0.004194,0.25,0,7,-0.02623,0.03033,0.1429,0,0
Briones,solubility,solubility_molality,7,7,-0.01657,0.03568,0,0,7,-0.01118,0.03319,0,0,0
Briones,y_h2o,y_h2o,7,4,-0.0006907,0.0142,0.25,0,7,-0.09685,0.039,0.4286,0,0
CLAUSSEN(1952),solubility,solubility_molality,14,8,0.01647,0.02403,0.125,0,7,0.005198,0.01089,0,0,0
Chabab2019_IJGGC91_T2,solubility,solubility_molality,21,5,0.0254,0.02798,0,0,7,-0.03919,0.08562,0.1429,0,0
LIU(2021),solubility,solubility_molality,217,22,0.03043,0.08235,0.1818,0,7,3.189e-05,0.01529,0,0,0
QIN(2008),solubility,solubility_molality,7,5,0.04321,0.01971,0,0,7,0.04466,0.02606,0,0,0
RIGBY(1968),y_h2o,y_h2o,25,4,0.0156,0.02715,0,0,7,0.0001297,0.0126,0.1429,0,0
GORDON(1977),solubility,solubility_molality,39,5,0.005125,0.001589,0,0,6,0.003532,0.005684,0,0,0
PORTIER_2005,solubility,solubility_molality,35,0,,,,0,6,0.009214,0.05027,0,0,0
RETTICH(1981),solubility,solubility_molality,39,3,-0.03536,0.07842,0.3333,0,6,-0.01697,0.032,0,0,0
SERVIO(2001),solubility,solubility_molality,6,2,-0.05382,0.01623,0,0,6,-0.02363,0.03897,0,0,0
SERVIO(2001b),solubility,solubility_molality,6,3,0.0005962,0.03448,0,0,6,0.001225,0.03213,0,0,0
SUN(2023),solubility,solubility_molality,6,6,0.03592,0.02912,0,0,6,0.05607,0.05061,0.3333,0,0
BLANCO(1999),y_h2o,y_h2o,64,1,-0.1798,0,1,0,5,-0.2951,0.07775,1,0,0
CHAPOY(2005),y_h2o,y_h2o,21,4,0.006629,0.06428,0,0,5,0.01343,0.02153,0,0,0
Chabab2021_JCED66_T2,solubility,solubility_molality,14,1,-0.001013,0,0,0,5,-0.006181,0.04168,0.2,0,0
GILL(1982),dh_sol,dh_sol,5,2,0.00108,0.006838,0,0,5,-0.01456,0.004458,0,0,0
LEOPOLD(1927),psat_ratio,psat_ratio,28,3,-0.008843,0.007214,0,0,5,-0.04585,0.004047,0,0,0
RETTICH(1984),solubility,solubility_molality,17,6,-0.02805,0.03571,0,0,5,-0.01672,0.002353,0,0,0
RETTICH(2000),solubility,solubility_molality,32,5,-0.03479,0.038,0,0,5,-0.02555,0.01872,0,0,0
RUMPF,solubility,solubility_molality,5,3,0.008736,0.008662,0,0,5,0.02231,0.01082,0,0,0
TONG,solubility,solubility_molality,5,0,,,,0,5,-0.02275,0.01457,0,0,0
YOKOYAMA(1988),y_h2o,y_h2o,6,3,-0.001341,0.01208,0.3333,0,5,-0.1153,0.0517,0.8,0,0
ZAWISZA(1981),y_h2o,y_h2o,14,1,-0.001576,0,0,0,5,0.05068,0.03813,0.2,0,0
ADDICKS(2002),solubility,solubility_molality,4,4,-0.01408,0.02273,0,0,4,0.03728,0.03454,0,0,0
DSOUZA,solubility,solubility_molality,4,4,-0.03454,0.00818,0,0,4,-0.04265,0.01847,0,0,0
DSOUZA,y_h2o,y_h2o,4,4,0.1436,0.1799,0.5,0,4,0.1044,0.09746,0.5,0,0
KENNAN(1990),solubility,solubility_molality,7,0,,,,0,4,-0.03128,0.009104,0,0,0
SMITH(1962),solubility,solubility_molality,5,0,,,,0,4,0.06319,0.02522,0,0,0
SONG(1994),y_h2o,y_h2o,8,2,0.01871,0.3125,1,0,4,0.01784,0.2265,0.75,0,0
TABASINEJAD(2011),y_h2o,y_h2o,117,5,-0.003193,0.03011,0.2,0,4,-0.08583,0.1078,0.25,0,0
YASUNISHI(1977),solubility,solubility_molality,4,4,0.009722,0.01316,0,0,4,-0.006268,0.006529,0,0,0
ZEZIN(2014),rho,rho,740,7,-0.0006827,0.0002853,0,0,4,-2.553e-05,0.0001428,0,0,0
ZIRRAHI(2016),y_h2o,y_h2o,62,0,,,,0,4,-0.03525,0.01969,0.25,0,0
BANDO(2003),solubility,solubility_molality,36,0,,,,0,3,-0.03411,0.01717,0,0,0
DOHRN,solubility,solubility_molality,3,3,0.02575,0.00813,0,0,3,0.02834,0.003405,0,0,0
JACOB(2016),solubility,solubility_molality,31,0,,,,0,3,-0.03836,0.01904,0.3333,0,0
LUO(2021),psat_ratio,psat_ratio,121,0,,,,0,3,-0.02831,0.0007812,0,0,0
SAKO,y_h2o,y_h2o,8,1,-0.1876,0,1,0,3,-0.2225,0.03605,1,0,0
STOESSELL(1982),solubility,solubility_molality,60,1,-0.04289,0,0,0,3,-0.007074,0.001947,0,0,0
CROVETTO(1993),psat_ratio,psat_ratio,37,7,-0.00475,0.00275,0,0,2,-0.003486,0.009328,0,0,0
DOHRN,y_h2o,y_h2o,3,2,0.01273,0.3065,1,0,2,0.03388,0.1818,0.5,0,0
KLING(1991),solubility,solubility_molality,9,1,-0.02011,0,0,0,2,0.04469,0.07192,0,0,0
KOBAYASHI(1953),y_h2o,y_h2o,39,0,,,,0,2,0.07856,0.00915,0,0,0
LORING(2017),y_h2o,y_h2o,2,1,-0.2367,0,1,0,2,-0.1121,0.03323,0.5,0,0
MOHAMMADI(2025),rho,rho,26,0,,,,0,2,-0.009428,0.0006753,0,0,0
OSULLIVAN(1966),solubility,solubility_molality,6,6,0.01826,0.008693,0,0,2,0.02306,0.003464,0,0,0
OSULLIVAN(1970),solubility,solubility_molality,51,6,-0.01793,0.008431,0,0,2,-0.02338,0.005353,0,0,0
PEARCE(1937),psat_ratio,psat_ratio,14,3,0.006451,0.01057,0,0,2,0.00286,0.005003,0,0,0
PRUTTON(1945),solubility,solubility_molality,67,1,0.05317,0,0,0,2,0.06076,0.02744,0,0,0
ROGERS(1981),thermo_brine,Cp_app,60,5,-0.1748,0.1169,0.6,0,2,-0.514,0.4586,1,0,0
UUSIKYYNY(2016),solubility,solubility_molality,4,0,,,,0,2,-0.015,0.008252,0,0,0
WIEBE(1934),solubility,solubility_molality,40,5,0.02693,0.008546,0,0,2,-0.002483,0.00732,0,0,0
ZHAOb(2015),solubility,solubility_molality,54,15,-0.01003,0.03059,0.2,0,2,-0.0004147,0.01436,0,0,0
ALGHAFRI(2012) / EXP_NaCl_T373K.txt,rho,rho,24,0,,,,0,1,0.001162,0,0,0,0
ALGHAFRI(2012) / EXP_NaCl_T398K.txt,rho,rho,24,0,,,,0,1,0.0009206,0,0,0,0
ALGHAFRI(2012) / EXP_NaCl_T423K.txt,rho,rho,24,0,,,,0,1,9.634e-05,0,0,0,0
CROVETTO(1982),solubility,solubility_molality,7,1,-0.06029,0,0,0,1,0.0148,0,0,0,0
Chabab2020_IJHE45_T4,solubility,solubility_molality,37,6,-0.07868,0.03745,0.3333,0,1,0.0009566,0,0,0,0
MARKHAM(1941),solubility,solubility_molality,3,0,,,,0,1,-0.08825,0,0,0,0
MOHAMMADI(2005),y_h2o,y_h2o,35,1,0.2192,0,1,0,1,0.09641,0,0,0,0
PARISOD(1981),psat_ratio,psat_ratio,34,1,-0.01152,0,0,0,1,0.005532,0,0,0,0
SANTOS(2020),solubility,solubility_molality,48,7,0.01297,0.01715,0,0,1,0.003107,0,0,0,0
TORIN(2022),solubility,solubility_molality,15,0,,,,0,1,0.01681,0,0,0,0
TRUCHE(2016),solubility,solubility_molality,12,1,-0.02115,0,0,0,1,0.03863,0,0,0,0
UMANO(1958),solubility,solubility_molality,135,1,-0.04332,0,0,0,1,-0.06061,0,0,0,0
WIEBE(1932),solubility,solubility_molality,9,0,,,,0,1,0.003173,0,0,0,0
ALGHAFRI(2012) / EXP_CaCl_T283K.txt,rho,rho,8,0,,,,0,0,,,,0,0
ALGHAFRI(2012) / EXP_CaCl_T298K.txt,rho,rho,24,4,-0.001004,0.000122,0,0,0,,,,0,0
ALGHAFRI(2012) / EXP_CaCl_T323K.txt,rho,rho,24,0,,,,0,0,,,,0,0
ALGHAFRI(2012) / EXP_CaCl_T348K.txt,rho,rho,24,0,,,,0,0,,,,0,0
ALGHAFRI(2012) / EXP_CaCl_T373K.txt,rho,rho,24,9,-0.0006258,0.001486,0,0,0,,,,0,0
ALGHAFRI(2012) / EXP_CaCl_T398K.txt,rho,rho,24,0,,,,0,0,,,,0,0
ALGHAFRI(2012) / EXP_CaCl_T423K.txt,rho,rho,24,6,-0.001112,0.0009112,0,0,0,,,,0,0
ALGHAFRI(2012) / EXP_CaCl_T448K.txt,rho,rho,24,0,,,,0,0,,,,0,0
ALGHAFRI(2012) / EXP_CaCl_T473K.txt,rho,rho,21,6,-0.002352,0.0007593,0,0,0,,,,0,0
ALGHAFRI(2012) / EXP_KCl_T298K.txt,rho,rho,24,0,,,,0,0,,,,0,0
ALGHAFRI(2012) / EXP_KCl_T323K.txt,rho,rho,24,0,,,,0,0,,,,0,0
ALGHAFRI(2012) / EXP_KCl_T348K.txt,rho,rho,24,0,,,,0,0,,,,0,0
ALGHAFRI(2012) / EXP_KCl_T373K.txt,rho,rho,24,0,,,,0,0,,,,0,0
ALGHAFRI(2012) / EXP_KCl_T398K.txt,rho,rho,24,0,,,,0,0,,,,0,0
ALGHAFRI(2012) / EXP_KCl_T423K.txt,rho,rho,24,0,,,,0,0,,,,0,0
ALGHAFRI(2012) / EXP_KCl_T448K.txt,rho,rho,24,0,,,,0,0,,,,0,0
ALGHAFRI(2012) / EXP_KCl_T473K.txt,rho,rho,21,0,,,,0,0,,,,0,0
ALGHAFRI(2012) / EXP_MgCl_T283K.txt,rho,rho,16,0,,,,0,0,,,,0,0
ALGHAFRI(2012) / EXP_MgCl_T298K.txt,rho,rho,24,8,-0.0003122,0.0005552,0,0,0,,,,0,0
ALGHAFRI(2012) / EXP_MgCl_T323K.txt,rho,rho,24,0,,,,0,0,,,,0,0
ALGHAFRI(2012) / EXP_MgCl_T348K.txt,rho,rho,24,0,,,,0,0,,,,0,0
ALGHAFRI(2012) / EXP_MgCl_T373K.txt,rho,rho,24,6,-0.000288,9.761e-05,0,0,0,,,,0,0
ALGHAFRI(2012) / EXP_MgCl_T398K.txt,rho,rho,24,0,,,,0,0,,,,0,0
ALGHAFRI(2012) / EXP_MgCl_T423K.txt,rho,rho,24,7,-0.0005892,0.0001342,0,0,0,,,,0,0
ALGHAFRI(2012) / EXP_MgCl_T448K.txt,rho,rho,23,0,,,,0,0,,,,0,0
ALGHAFRI(2012) / EXP_MgCl_T473K.txt,rho,rho,21,7,-0.001154,0.0005996,0,0,0,,,,0,0
ALGHAFRI(2012) / EXP_NaCl_T298K.txt,rho,rho,24,0,,,,0,0,,,,0,0
ALGHAFRI(2012) / EXP_NaCl_T323K.txt,rho,rho,24,0,,,,0,0,,,,0,0
ALGHAFRI(2012) / EXP_NaCl_T348K.txt,rho,rho,24,0,,,,0,0,,,,0,0
ALGHAFRI(2012) / EXP_NaCl_T448K.txt,rho,rho,24,0,,,,0,0,,,,0,0
ALGHAFRI(2012) / EXP_NaCl_T473K.txt,rho,rho,21,0,,,,0,0,,,,0,0
ALGHAFRI(2013) / EXP_NaSO_T298K.txt,rho,rho,16,0,,,,0,0,,,,0,0
ALGHAFRI(2013) / EXP_NaSO_T323K.txt,rho,rho,16,0,,,,0,0,,,,0,0
ALGHAFRI(2013) / EXP_NaSO_T348K.txt,rho,rho,16,0,,,,0,0,,,,0,0
ALGHAFRI(2013) / EXP_NaSO_T373K.txt,rho,rho,16,0,,,,0,0,,,,0,0
ALGHAFRI(2013) / EXP_NaSO_T398K.txt,rho,rho,16,0,,,,0,0,,,,0,0
ALGHAFRI(2013) / EXP_NaSO_T423K.txt,rho,rho,16,0,,,,0,0,,,,0,0
ALGHAFRI(2013) / EXP_NaSO_T448K.txt,rho,rho,16,0,,,,0,0,,,,0,0
ALGHAFRI(2013) / EXP_NaSO_T473K.txt,rho,rho,14,0,,,,0,0,,,,0,0
ALVAREZ(1988),solubility,solubility_molality,57,0,,,,0,0,,,,0,0
ANDERSON(1962),solubility,solubility_molality,5,0,,,,0,0,,,,0,0
APELBLAT(1998),psat_ratio,psat_ratio,17,3,0.000678,8.433e-05,0,0,0,,,,0,0
BASTAMI(2014),solubility,solubility_molality,22,0,,,,0,0,,,,0,0
BLANCO(1977),solubility,solubility_molality,30,0,,,,0,0,,,,0,0
CALL(2000),thermo_brine,Cp_app,216,0,,,,0,0,,,,0,0
CHABAB(2024),solubility,solubility_molality,39,10,0.01863,0.07377,0.3,0,0,,,,0,0
CHAPOY(2004c),solubility,solubility_molality,52,0,,,,0,0,,,,0,0
CHEN(2020),psat_ratio,psat_ratio,100,1,0.01315,0,0,0,0,,,,0,0
CORTI(1990),solubility,solubility_molality,10,0,,,,0,0,,,,0,0
CROVETTO(1991),rho_gas,rho_gas_loaded,94,0,,,,0,0,,,,0,0
CROVETTO(1993),rho,rho,162,0,,,,0,0,,,,0,0
Chabab2021_JCED66_T3_tech1,solubility,solubility_molality,24,0,,,,0,0,,,,0,0
Chabab2021_JCED66_T3_tech2,solubility,solubility_molality,20,0,,,,0,0,,,,0,0
DEC(1984b),dh_sol,dh_sol,36,0,,,,0,0,,,,0,0
DHIMA(1998),solubility,solubility_molality,8,0,,,,0,0,,,,0,0
ELLIS(1967),rho,rho,54,12,-0.0001148,0.0004409,0,0,0,,,,0,0
ELMAGHRABY_2012,solubility,solubility_molality,6,0,,,,0,0,,,,0,0
GARDNER(1963),phi_osm,phi_osm,22,0,,,,0,0,,,,0,0
GATES(1989),rho,rho,256,0,,,,0,0,,,,0,0
GAUDETTE(2007),solubility,solubility_molality,7,0,,,,0,0,,,,0,0
GILLESPIE(1980),solubility,solubility_molality,16,0,,,,0,0,,,,0,0
GRANTTAYLOR(1981),rho,rho,68,1,0.0002835,0,0,0,0,,,,0,0
HOLMES(1994b),phi_osm,phi_osm,182,0,,,,0,0,,,,0,0
HOU(2013b),y_h2o,y_h2o,72,2,-0.3442,0.115,1,0,0,,,,0,0
JACKSON(1995),y_h2o,y_h2o,2,0,,,,0,0,,,,0,0
KAMP(2007),solubility,solubility_molality,85,1,0.1974,0,1,0,0,,,,0,0
KUMAR(1986),rho,rho,63,12,0.0001149,0.000441,0,0,0,,,,0,0
Koschel2006_FPE247_T4_T7,dh_sol,dh_sol,22,0,,,,0,0,,,,0,0
LIU(1970),phi_osm,phi_osm,38,0,,,,0,0,,,,0,0
LIU(1971),phi_osm,phi_osm,95,0,,,,0,0,,,,0,0
LIU_2011,solubility,solubility_molality,99,0,,,,0,0,,,,0,0
LI_2004,solubility,solubility_molality,6,0,,,,0,0,,,,0,0
MAJER(1988),rho,rho,415,2,-0.0002834,2.269e-05,0,0,0,,,,0,0
MARCUS(1988),psat_ratio,psat_ratio,7,0,,,,0,0,,,,0,0
MARCUS(1990),psat_ratio,psat_ratio,8,0,,,,0,0,,,,0,0
MARLIACY(2002),psat_ratio,psat_ratio,209,0,,,,0,0,,,,0,0
MCBRIDEWRIGHT(2014),visc,visc,70,0,,,,0,0,,,,0,0
MCGEE(1981),solubility,solubility_molality,30,0,,,,0,0,,,,0,0
MOHAMMADI(2004eth),solubility,solubility_molality,41,0,,,,0,0,,,,0,0
MOHAMMADI(2025),visc,visc,15,0,,,,0,0,,,,0,0
MULLER,y_h2o,y_h2o,41,1,-0.05921,0,0,0,0,,,,0,0
NIGHSWANDER(1989),solubility,solubility_molality,18,1,0.02227,0,0,0,0,,,,0,0
OAKES(1995),rho,rho,131,3,-0.0003399,0.0002476,0,0,0,,,,0,0
OLOFSSON(1984),dh_sol,dh_sol,48,2,-0.001081,0.005859,0,0,0,,,,0,0
PABALAN(1988),thermo_brine,Cp_app,67,6,0.1483,0.06259,0.8333,0,0,,,,0,0
PABALAN(1988b),thermo_brine,Cp_app,40,0,,,,0,0,,,,0,0
PHUTELA(1986),rho,rho,169,0,,,,0,0,,,,0,0
POULANI_2019,solubility,solubility_molality,48,0,,,,0,0,,,,0,0
PRAY(1957),solubility,solubility_molality,9,0,,,,0,0,,,,0,0
ROGERS(1982),rho,rho,48,0,,,,0,0,,,,0,0
RUMPF(1993),solubility,solubility_molality,63,0,,,,0,0,,,,0,0
RUMPFb(1993),solubility,solubility_molality,90,1,-0.02637,0,0,0,0,,,,0,0
SADDINGTON(1934),solubility,solubility_molality,18,0,,,,0,0,,,,0,0
SADDINGTON(1934),y_h2o,y_h2o,18,1,-0.07686,0,0,0,0,,,,0,0
SALUJA(1987),rho,rho,53,0,,,,0,0,,,,0,0
SALUJA(1987),thermo_brine,Cp_app,51,0,,,,0,0,,,,0,0
SALUJA(1995),rho,rho,304,0,,,,0,0,,,,0,0
SANTOS(2021),solubility,solubility_molality,33,3,0.007194,0.008267,0,0,0,,,,0,0
SAVARY(2012),solubility,solubility_molality,6,0,,,,0,0,,,,0,0
SCHEUERMANN(2020),solubility,solubility_molality,18,0,,,,0,0,,,,0,0
SHIAH(1996),psat_ratio,psat_ratio,80,0,,,,0,0,,,,0,0
SONG(2013),rho,rho,100,2,-9.783e-05,0.001444,0,0,0,,,,0,0
SONG(2013),rho_gas,rho_gas_loaded,300,0,,,,0,0,,,,0,0
SONG(2014b),rho,rho,85,0,,,,0,0,,,,0,0
SONG(2014b),rho_gas,rho_gas_loaded,459,0,,,,0,0,,,,0,0
TEYMOURI_2017,solubility,solubility_molality,18,0,,,,0,0,,,,0,0
TONG(2013),solubility,solubility_molality,74,0,,,,0,0,,,,0,0
TONG_2013,solubility,solubility_molality,14,0,,,,0,0,,,,0,0
TORRES(2026),y_h2o,y_h2o,9,0,,,,0,0,,,,0,0
WHITE(1987),thermo_brine,Cp_app,223,0,,,,0,0,,,,0,0
ZEZIN(2015),rho,rho,397,1,-0.001069,0,0,0,0,,,,0,0
ZHAOc_2015,solubility,solubility_molality,24,0,,,,0,0,,,,0,0
ZHENG(1997),solubility,solubility_molality,10,0,,,,0,0,,,,0,0
dosSantos2021_ChemGeol582_T7,solubility,solubility_molality,30,1,0.001014,0,0,0,0,,,,0,0
